,open,high,low,close,volume,hlc3,ohlc4,hl2,price
2024-02-13 16:00:00,52725.13,108221.21,-9839.53,21234.93,852710,39872.2,43085.44,49190.84,21234.93
2024-02-13 17:00:00,13329.95,65761.0,-13158.51,21167.03,1463602,24589.84,21774.87,26301.25,21167.03
2024-02-13 18:00:00,-28273.79,29685.28,48365.42,21096.04,872361,33048.91,17718.23,39025.35,21096.04
2024-02-13 19:00:00,-24304.87,37822.79,-10059.66,21058.78,639297,16273.97,6129.26,13881.57,21058.78
2024-02-13 20:00:00,-16332.23,78879.6,-12283.75,21070.39,632580,29222.08,17833.5,33297.92,21070.39
2024-02-13 21:00:00,22435.57,26195.67,-11167.87,21100.42,1154473,12042.74,14640.95,7513.9,21100.42
2024-02-13 22:00:00,53466.51,113354.21,20845.37,21171.19,1254595,51790.26,52209.32,67099.79,21171.19
2024-02-13 23:00:00,34447.54,45651.53,-1006.18,21300.7,1334627,21982.01,25098.4,22322.67,21300.7
2024-02-14 00:00:00,61307.89,63446.29,9842.28,21400.9,993454,31563.15,38999.34,36644.28,21400.9
2024-02-14 01:00:00,-26466.37,80112.34,67529.53,21524.35,1011377,56388.74,35674.96,73820.93,21524.35
2024-02-14 02:00:00,-20262.51,29349.24,-20020.69,21656.02,821807,10328.19,2680.52,4664.28,21656.02
2024-02-14 03:00:00,42819.56,48342.39,-60688.48,21779.62,1300913,3144.51,13063.27,-6173.05,21779.62
2024-02-14 04:00:00,38231.72,162391.29,-9074.83,21903.25,1177661,58406.57,53362.86,76658.23,21903.25
2024-02-14 05:00:00,79789.37,119690.61,13175.26,21986.6,877770,51617.49,58660.46,66432.93,21986.6
2024-02-14 06:00:00,15735.05,57362.87,14392.57,22031.91,1320568,31262.45,27380.6,35877.72,22031.91
2024-02-14 07:00:00,84448.34,362615.14,10105.85,22081.14,553603,131600.71,119812.62,186360.5,22081.14
2024-02-14 08:00:00,49282.72,91716.17,9660.96,22051.12,1160985,41142.75,43177.74,50688.56,22051.12
2024-02-14 09:00:00,54729.73,182058.24,20898.9,21966.5,1232597,74974.54,69913.34,101478.57,21966.5
2024-02-14 10:00:00,41278.33,78698.43,-65224.56,21855.53,651536,11776.47,19151.93,6736.94,21855.53
2024-02-14 11:00:00,15456.53,92626.27,-13268.33,21724.85,992105,33694.26,29134.83,39678.97,21724.85
2024-02-14 12:00:00,-5926.83,59395.68,5384.85,21570.7,1093582,28783.74,20106.1,32390.26,21570.7
2024-02-14 13:00:00,-27222.09,33599.68,-1476.89,21408.91,1235443,17843.9,6577.4,16061.4,21408.91
2024-02-14 14:00:00,95743.28,151952.59,12696.63,21278.03,1313571,61975.75,70417.63,82324.61,21278.03
2024-02-14 15:00:00,-23725.85,70606.74,447.69,21146.59,1336659,30733.67,17118.79,35527.21,21146.59
2024-02-14 16:00:00,17804.21,92326.61,16316.29,21062.26,772856,43235.06,36877.34,54321.45,21062.26
2024-02-14 17:00:00,31685.05,34391.89,-15286.55,20998.75,1515500,13368.03,17947.28,9552.67,20998.75
2024-02-14 18:00:00,-557.89,64223.49,1223.48,20981.12,1171157,28809.36,21467.55,32723.48,20981.12
2024-02-14 19:00:00,-55292.15,75000.5,145008.06,21023.58,1281380,80344.05,46435.0,110004.28,21023.58
2024-02-14 20:00:00,2750.86,64384.26,682.21,21113.35,451315,28726.61,22232.67,32533.24,21113.35
2024-02-14 21:00:00,53896.23,215531.77,16728.27,21208.84,958868,84489.63,76841.28,116130.02,21208.84
2024-02-14 22:00:00,39734.53,98261.02,-25014.78,21356.26,1049129,31534.17,33584.26,36623.12,21356.26
2024-02-14 23:00:00,970.65,42476.9,-57.75,21494.09,992273,21304.41,16220.97,21209.58,21494.09
2024-02-15 00:00:00,-41304.73,62765.28,113133.47,21637.55,950102,65845.43,39057.89,87949.37,21637.55
2024-02-15 01:00:00,42035.16,46258.56,-46845.72,21816.68,1113236,7076.51,15816.17,-293.58,21816.68
2024-02-15 02:00:00,7454.98,63505.98,-6503.28,21973.74,1238574,26325.48,21607.86,28501.35,21973.74
2024-02-15 03:00:00,48777.36,108494.74,11859.97,22115.92,909781,47490.21,47812.0,60177.35,22115.92
2024-02-15 04:00:00,58713.5,183307.87,-49621.15,22218.35,1390521,51968.36,53654.64,66843.36,22218.35
2024-02-15 05:00:00,18215.17,88804.82,8855.4,22299.51,864715,39986.57,34543.72,48830.11,22299.51
2024-02-15 06:00:00,21874.35,36997.28,-33174.83,22345.42,907500,8722.62,12010.55,1911.22,22345.42
2024-02-15 07:00:00,47850.09,47954.58,-2910.96,22363.14,1577894,22468.92,28814.21,22521.81,22363.14
2024-02-15 08:00:00,17183.99,25413.61,-18451.12,22351.33,707092,9771.28,11624.45,3481.25,22351.33
2024-02-15 09:00:00,11082.15,31671.8,592.75,22303.33,1300477,18189.29,16412.51,16132.27,22303.33
2024-02-15 10:00:00,31653.17,41734.71,-13277.58,22286.67,451713,16914.6,20599.24,14228.56,22286.67
2024-02-15 11:00:00,36028.54,193442.77,-19138.74,22321.35,1016229,65541.79,58163.48,87152.02,22321.35
2024-02-15 12:00:00,66861.37,111869.48,-3843.84,22354.86,679112,43460.17,49310.47,54012.82,22354.86
2024-02-15 13:00:00,540.49,81181.94,-1038.15,22401.12,1228415,34181.64,25771.35,40071.9,22401.12
2024-02-15 14:00:00,-0.1,30256.25,0.09,22474.35,662328,17576.9,13182.65,15128.17,22474.35
2024-02-15 15:00:00,35812.36,114929.63,-45761.87,22595.7,373673,30587.82,31893.95,34583.88,22595.7
2024-02-15 16:00:00,61502.88,297652.72,16932.33,22758.8,683519,112447.95,99711.68,157292.52,22758.8
2024-02-15 17:00:00,52409.68,239842.3,22304.28,22961.03,637819,95035.87,84379.32,131073.29,22961.03
2024-02-15 18:00:00,64707.69,158956.02,-28734.86,23184.16,200205,51135.1,54528.25,65110.58,23184.16
2024-02-15 19:00:00,40186.13,55237.34,-64729.13,23424.29,1327783,4644.17,13529.66,-4745.89,23424.29
2024-02-15 20:00:00,109458.9,130802.01,3539.4,23667.2,1082562,52669.54,66866.88,67170.7,23667.2
2024-02-15 21:00:00,38132.42,192837.01,-66229.69,23887.83,876681,50165.05,47156.89,63303.66,23887.83
2024-02-15 22:00:00,-3364.22,70925.94,2197.14,24091.16,748911,32404.75,23462.51,36561.54,24091.16
2024-02-15 23:00:00,-34395.89,82283.41,118854.72,24272.71,721473,75136.95,47753.74,100569.06,24272.71
2024-02-16 00:00:00,57413.93,103221.8,8430.56,24399.77,1203868,45350.71,48366.52,55826.18,24399.77
2024-02-16 01:00:00,80766.37,84620.83,22029.27,24474.81,1029145,43708.3,52972.82,53325.05,24474.81
2024-02-16 02:00:00,48350.25,126641.6,-24009.14,24518.78,751197,42383.75,43875.37,51316.23,24518.78
2024-02-16 03:00:00,9667.92,41023.64,-9550.07,24506.41,1164625,18659.99,16411.97,15736.78,24506.41
2024-02-16 04:00:00,-1207.28,25701.95,2367.66,24444.34,925164,17504.65,12826.67,14034.81,24444.34
2024-02-16 05:00:00,-723.18,45153.58,2926.66,24321.69,1173016,24133.98,17919.69,24040.12,24321.69
2024-02-16 06:00:00,31664.39,170872.39,-26530.86,24134.64,707200,56158.72,50035.14,72170.76,24134.64
2024-02-16 07:00:00,83751.39,184598.37,5219.02,23983.64,1152536,71267.01,74388.1,94908.7,23983.64
2024-02-16 08:00:00,-46562.44,60693.57,-35159.13,23822.19,1306405,16452.21,698.55,12767.22,23822.19
2024-02-16 09:00:00,78864.76,320873.5,-43901.06,23627.04,687339,100199.82,94866.06,138486.22,23627.04
2024-02-16 10:00:00,26996.56,114052.86,-15120.91,23473.81,1027175,40801.92,37350.58,49465.97,23473.81
2024-02-16 11:00:00,36254.05,140960.61,19467.01,23338.37,1039521,61255.33,55005.01,80213.81,23338.37
2024-02-16 12:00:00,61255.17,127477.76,-25315.58,23247.58,820919,41803.25,46666.23,51081.09,23247.58
2024-02-16 13:00:00,-20397.79,52412.55,8514.96,23161.21,1045973,28029.57,15922.73,30463.76,23161.21
2024-02-16 14:00:00,35918.48,124767.83,-22334.98,23075.16,1186343,41836.0,40356.62,51216.43,23075.16
2024-02-16 15:00:00,65672.68,155089.35,-97514.76,23004.45,810410,26859.68,36562.93,28787.3,23004.45
2024-02-16 16:00:00,35915.27,60755.09,6253.22,22952.89,988617,29987.07,31469.12,33504.16,22952.89
2024-02-16 17:00:00,40692.22,189369.62,-1722.33,22901.7,807774,70183.0,62810.3,93823.65,22901.7
2024-02-16 18:00:00,24330.13,46645.97,-13666.88,22851.94,1060902,18610.35,20040.29,16489.55,22851.94
2024-02-16 19:00:00,-15605.34,36565.54,20127.17,22810.5,1139512,26501.07,15974.47,28346.35,22810.5
2024-02-16 20:00:00,10661.79,91768.7,7109.29,22715.28,985890,40531.09,33063.76,49438.99,22715.28
2024-02-16 21:00:00,36975.22,95929.78,7908.34,22598.29,1045862,42145.47,40852.91,51919.06,22598.29
2024-02-16 22:00:00,-31458.65,119790.14,19722.47,22420.62,504829,53977.74,32618.65,69756.3,22420.62
2024-02-16 23:00:00,83340.24,147353.75,-12436.8,22195.59,899138,52370.85,60113.2,67458.47,22195.59
2024-02-17 00:00:00,61007.49,62805.33,2688.13,21911.53,469959,29135.0,37103.12,32746.73,21911.53
2024-02-17 01:00:00,30877.36,53902.02,6065.13,21665.27,1032025,27210.8,28127.44,29983.57,21665.27
2024-02-17 02:00:00,62471.32,97120.62,10800.58,21380.95,562390,43100.71,47943.37,53960.6,21380.95
2024-02-17 03:00:00,-15743.0,22902.91,-4838.07,21127.1,975203,13063.98,5862.24,9032.42,21127.1
2024-02-17 04:00:00,-13048.45,78735.13,16054.46,20817.1,86487,38535.56,25639.56,47394.79,20817.1
2024-02-17 05:00:00,6361.99,64364.18,-12931.07,20557.39,984735,23996.83,19588.12,25716.55,20557.39
2024-02-17 06:00:00,35190.68,179293.15,-21850.61,20286.07,957441,59242.87,53229.82,78721.27,20286.07
2024-02-17 07:00:00,49680.41,64404.22,-87801.54,20071.64,1279639,-1108.56,11588.68,-11698.66,20071.64
2024-02-17 08:00:00,12484.09,22981.09,9545.18,19948.33,1288280,17491.53,16239.67,16263.14,19948.33
2024-02-17 09:00:00,-45015.06,45609.51,-31427.63,19851.44,996514,11344.44,-2745.44,7090.94,19851.44
2024-02-17 10:00:00,-16367.84,65738.91,15283.55,19803.56,1180012,33608.68,21114.55,40511.23,19803.56
2024-02-17 11:00:00,-7581.01,21681.32,2309.14,19812.19,1055654,14600.88,9055.41,11995.23,19812.19
2024-02-17 12:00:00,12237.11,68161.19,804.47,19844.71,1078593,29603.46,25261.87,34482.83,19844.71
2024-02-17 13:00:00,-42623.27,22756.91,9069.48,19966.12,1150770,17264.17,2292.31,15913.19,19966.12
2024-02-17 14:00:00,21911.62,39216.61,-32900.4,20113.5,988502,8809.9,12085.33,3158.1,20113.5
2024-02-17 15:00:00,16673.73,34866.84,-38626.09,20245.2,1197209,5495.32,8289.92,-1879.63,20245.2
2024-02-17 16:00:00,26017.2,92809.92,-28983.09,20412.81,942508,28079.88,27564.21,31913.41,20412.81
2024-02-17 17:00:00,5803.75,78491.28,1933.11,20555.94,1063375,33660.11,26696.02,40212.2,20555.94
2024-02-17 18:00:00,-72600.59,28681.06,-15790.94,20697.91,1224350,11196.01,-9753.14,6445.06,20697.91
2024-02-17 19:00:00,48938.42,214310.25,-36603.39,20798.45,1369105,66168.44,61860.93,88853.43,20798.45
2024-02-17 20:00:00,25897.5,65089.5,-63351.2,20864.35,1601777,7534.22,12125.04,869.15,20864.35
2024-02-17 21:00:00,24581.7,27637.36,-40818.0,20884.68,854427,2568.02,8071.44,-6590.32,20884.68
2024-02-17 22:00:00,41719.38,159622.93,17788.02,20915.64,1509769,66108.86,60011.49,88705.47,20915.64
2024-02-17 23:00:00,52530.05,70262.59,10877.82,20932.55,1264819,34024.32,38650.75,40570.2,20932.55
2024-02-18 00:00:00,43146.92,83343.08,19086.96,20939.51,1119184,41123.19,41629.12,51215.02,20939.51
2024-02-18 01:00:00,94161.91,201343.76,13851.11,20924.82,967676,78706.56,82570.4,107597.43,20924.82
2024-02-18 02:00:00,41877.77,43425.44,-82537.45,20925.47,966689,-6062.18,5922.81,-19556.0,20925.47
2024-02-18 03:00:00,13668.77,36862.82,-13370.19,20968.67,927597,14820.43,14532.52,11746.31,20968.67
2024-02-18 04:00:00,17684.89,30788.76,-31977.07,21060.3,679295,6624.0,9389.22,-594.15,21060.3
2024-02-18 05:00:00,-11304.55,53366.31,9056.13,21177.07,1182938,27866.5,18073.74,31211.22,21177.07
2024-02-18 06:00:00,-77629.16,89311.63,-76243.31,21308.03,743432,11458.79,-10813.2,6534.16,21308.03
2024-02-18 07:00:00,52237.05,248848.33,20001.74,21526.83,967282,96792.3,85653.49,134425.03,21526.83
2024-02-18 08:00:00,-43525.1,41804.73,44084.95,21785.58,1215211,35891.75,16037.54,42944.84,21785.58
2024-02-18 09:00:00,47197.41,127867.85,-25826.77,22029.52,969645,41356.86,42817.0,51020.54,22029.52
2024-02-18 10:00:00,-108116.43,40215.15,109902.41,22306.57,673846,57474.71,16076.92,75058.78,22306.57
2024-02-18 11:00:00,30521.36,91398.97,12748.8,22587.05,798986,42244.94,39314.04,52073.88,22587.05
2024-02-18 12:00:00,-25437.16,110754.21,-11883.25,22876.17,1173118,40582.37,24077.49,49435.48,22876.17
2024-02-18 13:00:00,24781.26,89875.81,4290.6,23137.69,751434,39101.36,35521.34,47083.2,23137.69
2024-02-18 14:00:00,142451.9,420678.2,-426.65,23322.01,995894,147857.85,146506.36,210125.77,23322.01
2024-02-18 15:00:00,9647.19,25060.12,2794.2,23493.97,978646,17116.1,15248.87,13927.16,23493.97
2024-02-18 16:00:00,-43351.23,85344.43,-21341.57,23639.95,941798,29214.27,11072.9,32001.43,23639.95
2024-02-18 17:00:00,4504.19,55911.4,-3945.56,23705.45,564503,25223.76,20043.87,25982.92,23705.45
2024-02-18 18:00:00,118194.43,360755.47,7002.56,23729.42,1160891,130495.82,127420.47,183879.01,23729.42
2024-02-18 19:00:00,-10435.24,96341.98,16434.08,23702.0,1220752,45492.69,31510.71,56388.03,23702.0
2024-02-18 20:00:00,26143.33,32998.14,-45128.41,23630.94,825449,3833.56,9411.0,-6065.13,23630.94
2024-02-18 21:00:00,5164.36,36691.13,2981.3,23532.43,876470,21068.29,17092.3,19836.22,23532.43
2024-02-18 22:00:00,86223.62,390071.39,-7584.79,23418.52,1031313,135301.71,123032.19,191243.3,23418.52
2024-02-18 23:00:00,-34136.84,32878.51,113291.27,23344.71,1352494,56504.83,33844.41,73084.89,23344.71
2024-02-19 00:00:00,70747.57,342212.44,-48114.03,23214.12,531666,105770.84,97015.02,147049.2,23214.12
2024-02-19 01:00:00,-4047.01,24934.3,-3392.73,23116.42,830160,14886.0,10152.74,10770.78,23116.42
2024-02-19 02:00:00,12567.65,31126.56,-17000.17,23060.52,1519939,12395.64,12438.64,7063.19,23060.52
2024-02-19 03:00:00,55920.08,64283.43,-19508.21,23029.64,755701,22601.62,30931.23,22387.61,23029.64
2024-02-19 04:00:00,-9767.28,42406.14,14495.85,23026.63,1437500,26642.87,17540.34,28451.0,23026.63
2024-02-19 05:00:00,83293.62,316917.7,8595.5,23042.82,1309125,116185.34,107962.41,162756.6,23042.82
2024-02-19 06:00:00,-136236.17,30479.39,-104815.0,23092.41,866815,-17081.07,-46869.84,-37167.81,23092.41
2024-02-19 07:00:00,-70213.82,47637.67,27779.3,23170.27,1302494,32862.42,7093.36,37708.49,23170.27
2024-02-19 08:00:00,-22916.4,71184.76,3169.72,23210.95,1110498,32521.81,18662.26,37177.24,23210.95
2024-02-19 09:00:00,-15828.82,64302.93,27374.99,23295.2,690776,38324.37,24786.08,45838.96,23295.2
2024-02-19 10:00:00,-35385.93,28136.66,54689.71,23346.33,1321823,35390.9,17696.69,41413.18,23346.33
2024-02-19 11:00:00,73766.27,461629.43,-2846.84,23355.29,697563,160712.63,138976.04,229391.3,23355.29
2024-02-19 12:00:00,37358.66,70329.39,-13787.53,23341.91,986291,26627.92,29310.61,28270.93,23341.91
2024-02-19 13:00:00,70531.77,119084.01,21044.65,23305.47,1318464,54478.05,58491.48,70064.33,23305.47
2024-02-19 14:00:00,78165.57,296282.02,-2348.41,23212.5,1481403,105715.37,98827.92,146966.81,23212.5
2024-02-19 15:00:00,-40885.72,43301.24,-37488.1,23115.91,695027,9643.02,-2989.17,2906.57,23115.91
2024-02-19 16:00:00,64131.8,238773.61,4393.15,22955.59,1635554,88707.45,82563.54,121583.38,22955.59
2024-02-19 17:00:00,30744.75,58814.28,14585.04,22782.09,1085180,32060.47,31731.54,36699.66,22782.09
2024-02-19 18:00:00,30589.56,150158.15,-32789.43,22611.69,1016943,46660.14,42642.49,58684.36,22611.69
2024-02-19 19:00:00,38571.17,122184.8,-65600.4,22446.49,1577674,26343.63,29400.52,28292.2,22446.49
2024-02-19 20:00:00,8816.66,76885.18,3422.92,22298.94,779046,34202.35,27855.93,40154.05,22298.94
2024-02-19 21:00:00,-10202.65,81655.42,-913.41,22185.31,1067088,34309.11,23181.17,40371.01,22185.31
2024-02-19 22:00:00,79812.55,154006.76,-24539.25,22116.36,747902,50527.95,57849.1,64733.75,22116.36
2024-02-19 23:00:00,-13681.06,56766.7,27277.28,22011.48,782767,35351.82,23093.6,42021.99,22011.48
2024-02-20 00:00:00,-7950.92,89375.01,-2096.16,22034.84,824447,36437.89,25340.69,43639.42,22034.84
2024-02-20 01:00:00,45512.33,91621.92,15579.97,22027.86,1133242,43076.58,43685.52,53600.94,22027.86
2024-02-20 02:00:00,-31259.17,87855.69,-26279.18,22082.02,1115030,27886.18,13099.84,30788.26,22082.02
2024-02-20 03:00:00,61837.2,191148.45,-37612.17,22157.85,681609,58564.71,59382.83,76768.14,22157.85
2024-02-20 04:00:00,25099.34,74130.28,835.02,22246.39,754204,32403.9,30577.76,37482.65,22246.39
2024-02-20 05:00:00,27256.04,36641.08,-16138.96,22409.77,1052890,14303.96,17541.98,10251.06,22409.77
2024-02-20 06:00:00,27954.92,72485.56,15163.96,22539.13,1380870,36729.55,34535.89,43824.76,22539.13
2024-02-20 07:00:00,4492.81,43126.25,-10712.85,22650.82,934715,18354.74,14889.26,16206.7,22650.82
2024-02-20 08:00:00,21103.14,27280.49,-8936.69,22749.99,943148,13697.93,15549.23,9171.9,22749.99
2024-02-20 09:00:00,94706.17,111350.29,21627.08,22829.59,1020084,51935.65,62628.28,66488.69,22829.59
2024-02-20 10:00:00,-19895.98,25208.81,-11833.06,22872.57,584160,12082.77,4088.08,6687.87,22872.57
2024-02-20 11:00:00,32247.45,47774.41,20705.25,22870.68,984108,30450.11,30899.45,34239.83,22870.68
2024-02-20 12:00:00,12940.09,57864.82,-56678.48,22806.47,1110645,7997.6,9233.23,593.17,22806.47
2024-02-20 13:00:00,5995.13,56686.68,-7034.85,22701.54,1001489,24117.79,19587.12,24825.91,22701.54
2024-02-20 14:00:00,14375.34,90435.95,-32413.02,22573.31,1231566,26865.42,23742.9,29011.47,22573.31
2024-02-20 15:00:00,100709.75,437811.93,-18834.77,22454.4,1295065,147143.85,135535.33,209488.58,22454.4
2024-02-20 16:00:00,-35734.68,117491.47,-14543.03,22312.87,756066,41753.77,22381.66,51474.22,22312.87
2024-02-20 17:00:00,-19.52,47355.36,-2.23,22182.31,1466019,23178.48,17378.98,23676.57,22182.31
2024-02-20 18:00:00,3345.04,35327.63,-3801.21,22026.75,1132176,17851.06,14224.55,15763.21,22026.75
2024-02-20 19:00:00,35894.3,42718.27,-151.85,21889.28,1221875,21485.24,25087.5,21283.21,21889.28
2024-02-20 20:00:00,-19221.13,30836.17,-6924.22,21815.47,883350,15242.47,6626.57,11955.98,21815.47
2024-02-20 21:00:00,-40924.44,75901.95,-5959.38,21780.03,290941,30574.2,12699.54,34971.29,21780.03
2024-02-20 22:00:00,25186.88,111891.5,-28923.71,21754.53,898185,34907.44,32477.3,41483.89,21754.53
2024-02-20 23:00:00,44886.42,86886.36,896.11,21754.23,550490,36512.23,38605.78,43891.24,21754.23
2024-02-21 00:00:00,-16617.41,62213.87,-1440.19,21766.03,607361,27513.23,16480.57,30386.84,21766.03
2024-02-21 01:00:00,9929.4,55486.02,-12050.92,21772.98,1274905,21736.02,18784.37,21717.55,21772.98
2024-02-21 02:00:00,-38368.35,30316.86,-32669.62,21820.1,515775,6489.11,-4725.26,-1176.38,21820.1
2024-02-21 03:00:00,74127.25,460469.21,814.15,21835.29,952104,161039.55,139311.48,230641.68,21835.29
2024-02-21 04:00:00,26721.3,105138.92,3947.26,21879.25,676147,43655.15,39421.68,54543.09,21879.25
2024-02-21 05:00:00,-25971.5,77005.52,5720.24,21872.78,1340685,34866.18,19656.76,41362.88,21872.78
2024-02-21 06:00:00,-2139.24,30517.36,3229.98,21848.45,901780,18531.93,13364.14,16873.67,21848.45
2024-02-21 07:00:00,35933.4,178658.81,10218.01,21749.04,1513166,70208.62,61639.81,94438.41,21749.04
2024-02-21 08:00:00,3598.93,42796.74,-4826.55,21638.43,884426,19869.54,15801.89,18985.09,21638.43
2024-02-21 09:00:00,38640.17,68886.31,-56655.51,21469.16,750517,11233.32,18085.03,6115.4,21469.16
2024-02-21 10:00:00,42883.11,171097.07,-3867.5,21270.99,860966,62833.52,57845.92,83614.79,21270.99
2024-02-21 11:00:00,38695.02,138066.04,-38194.03,21058.05,1064162,40310.02,39906.27,49936.0,21058.05
2024-02-21 12:00:00,51389.59,53397.68,20465.16,20839.1,1207512,31567.31,36522.88,36931.42,20839.1
2024-02-21 13:00:00,58947.37,178490.94,-30204.33,20652.63,961491,56313.08,56971.65,74143.3,20652.63
2024-02-21 14:00:00,69946.17,121485.96,18864.19,20464.6,666691,53604.92,57690.23,70175.08,20464.6
2024-02-21 15:00:00,90714.1,130763.85,6175.17,20299.69,1472191,52412.9,61988.2,68469.51,20299.69
2024-02-21 16:00:00,-9863.85,81269.18,8759.65,20175.34,1287422,36734.72,25085.08,45014.41,20175.34
2024-02-21 17:00:00,35518.26,172640.5,-12968.08,20093.1,923296,59921.84,53820.94,79836.21,20093.1
2024-02-21 18:00:00,30794.98,88084.47,1495.59,20062.71,996374,36547.59,35109.44,44790.03,20062.71
2024-02-21 19:00:00,-61764.52,46573.33,-17815.97,20072.04,945194,16276.47,-3233.78,14378.68,20072.04
2024-02-21 20:00:00,2173.98,23700.23,420.06,20141.01,973965,14753.77,11608.82,12060.15,20141.01
2024-02-21 21:00:00,31380.84,73146.17,-38118.05,20266.63,1225629,18431.58,21668.9,17514.06,20266.63
2024-02-21 22:00:00,41213.31,46610.11,1479.05,20358.68,1255909,22815.95,27415.29,24044.58,20358.68
2024-02-21 23:00:00,11085.75,42078.0,4558.04,20511.9,1351446,22382.64,19558.42,23318.02,20511.9
2024-02-22 00:00:00,15859.62,43822.03,-1673.7,20678.37,1011829,20942.24,19671.58,21074.17,20678.37
2024-02-22 01:00:00,9092.78,94132.4,-16659.62,20846.05,488260,32772.94,26852.9,38736.39,20846.05
2024-02-22 02:00:00,-29408.79,84792.29,10680.27,21001.31,995237,38824.62,21766.27,47736.28,21001.31
2024-02-22 03:00:00,21034.56,63846.49,-26082.89,21158.38,1182021,19640.66,19989.14,18881.8,21158.38
2024-02-22 04:00:00,9699.58,70591.25,-8464.06,21309.36,1275323,27812.19,23284.03,31063.6,21309.36
2024-02-22 05:00:00,92046.35,249527.97,-22444.24,21408.03,512619,82830.59,85134.53,113541.87,21408.03
2024-02-22 06:00:00,6679.53,26911.35,-1572.76,21482.42,664635,15607.0,13375.13,12669.29,21482.42
2024-02-22 07:00:00,-80497.32,105416.69,-3137.53,21536.43,240489,41271.86,10829.56,51139.58,21536.43
2024-02-22 08:00:00,-26972.44,34765.56,-13087.5,21577.86,1202064,14418.64,4070.87,10839.03,21577.86
2024-02-22 09:00:00,-38617.93,41726.5,10706.59,21582.28,1355496,24671.79,8849.36,26216.54,21582.28
2024-02-22 10:00:00,16482.0,101532.5,-12640.49,21612.93,1533520,36834.98,31746.74,44446.0,21612.93
2024-02-22 11:00:00,13451.84,68863.13,-12001.69,21639.98,1344414,26167.14,22988.32,28430.72,21639.98
2024-02-22 12:00:00,109241.55,237764.79,-122934.99,21717.71,1028820,45515.84,61447.27,57414.9,21717.71
2024-02-22 13:00:00,-50704.86,61366.88,35123.3,21842.43,1038947,39444.2,16906.94,48245.09,21842.43
2024-02-22 14:00:00,60582.08,260991.49,9813.88,21990.24,862117,97598.54,88344.42,135402.68,21990.24
2024-02-22 15:00:00,39611.05,114447.72,-33784.53,22147.4,1313346,34270.19,35605.41,40331.59,22147.4
2024-02-22 16:00:00,123925.44,579490.28,10939.18,22367.85,1132591,204265.77,184180.69,295214.73,22367.85
2024-02-22 17:00:00,-5281.66,84572.56,4838.67,22624.53,852878,37345.25,26688.53,44705.62,22624.53
2024-02-22 18:00:00,93322.18,261071.59,-2568.61,22896.28,594487,93799.75,93680.36,129251.49,22896.28
2024-02-22 19:00:00,32025.8,62548.02,-41063.13,23199.52,801998,14894.8,19177.55,10742.44,23199.52
2024-02-22 20:00:00,112642.51,274326.03,-28985.9,23449.18,1031580,89596.44,95357.96,122670.07,23449.18
2024-02-22 21:00:00,33145.32,44892.38,-70730.5,23725.05,804087,-704.36,7758.06,-12919.06,23725.05
2024-02-22 22:00:00,41568.54,121369.65,-91972.31,23948.17,667294,17781.84,23728.51,14698.67,23948.17
2024-02-22 23:00:00,24026.09,79182.22,6675.56,24158.27,1364152,36672.02,33510.54,42928.89,24158.27
2024-02-23 00:00:00,-28245.69,57772.21,47314.95,24327.61,258368,43138.26,25292.27,52543.58,24327.61
2024-02-23 01:00:00,39281.46,217713.57,17098.12,24445.68,1283783,86419.13,74634.71,117405.85,24445.68
2024-02-23 02:00:00,-23078.42,57186.88,14527.17,24492.89,1285078,32068.98,18282.13,35857.03,24492.89
2024-02-23 03:00:00,-9114.93,29115.22,5970.67,24518.6,910608,19868.16,12622.39,17542.95,24518.6
2024-02-23 04:00:00,79388.68,382576.11,-17650.15,24468.61,1118079,129798.19,117195.81,182462.98,24468.61
2024-02-23 05:00:00,5002.94,36119.03,-7962.38,24376.14,828203,17510.93,14383.93,14078.32,24376.14
2024-02-23 06:00:00,89570.06,306323.98,-4940.23,24223.28,1091049,108535.68,103794.27,150691.87,24223.28
2024-02-23 07:00:00,94795.17,217480.74,-41801.79,24094.25,929590,66591.07,73642.09,87839.47,24094.25
2024-02-23 08:00:00,-34894.69,96399.93,17971.67,23958.51,895807,46110.04,25858.86,57185.8,23958.51
2024-02-23 09:00:00,-19270.65,53152.67,23264.26,23797.14,855405,33404.69,20235.85,38208.46,23797.14
2024-02-23 10:00:00,-4946.03,83325.52,-4503.56,23661.48,1374522,34161.15,24384.35,39410.98,23661.48
2024-02-23 11:00:00,64922.5,115818.71,-48156.35,23577.17,858515,30413.18,39040.51,33831.18,23577.17
2024-02-23 12:00:00,-31252.38,85689.99,35316.79,23473.45,1178954,48160.08,28306.96,60503.39,23473.45
2024-02-23 13:00:00,1931.9,44221.95,862.0,23400.99,976971,22828.31,17604.21,22541.97,23400.99
2024-02-23 14:00:00,30373.46,83364.86,-41888.96,23353.78,854824,21609.89,23800.79,20737.95,23353.78
2024-02-23 15:00:00,2983.44,32337.44,-3197.68,23291.91,871626,17477.22,13853.78,14569.88,23291.91
2024-02-23 16:00:00,-36272.69,57764.85,-3368.61,23247.69,1196659,25881.31,10342.81,27198.12,23247.69
2024-02-23 17:00:00,-64172.25,44465.59,7641.44,23210.23,1137720,25105.76,2786.26,26053.52,23210.23
2024-02-23 18:00:00,115472.94,630991.22,-73479.57,23147.78,750400,193553.14,174033.09,278755.82,23147.78
2024-02-23 19:00:00,14339.94,26558.53,9128.07,23092.41,1358148,19593.0,18279.74,17843.3,23092.41
2024-02-23 20:00:00,3840.37,58272.72,-4424.95,23022.26,886707,25623.34,20177.6,26923.89,23022.26
2024-02-23 21:00:00,42440.29,49472.24,-25786.19,22892.36,721870,15526.13,22254.67,11843.02,22892.36
2024-02-23 22:00:00,9317.62,32993.79,7533.34,22718.96,585846,21082.03,18140.93,20263.57,22718.96
2024-02-23 23:00:00,35518.69,49907.15,18100.4,22534.32,1174807,30180.62,31515.14,34003.77,22534.32
2024-02-24 00:00:00,-30846.19,55586.37,23403.47,22313.24,420794,33767.69,17614.22,39494.92,22313.24
2024-02-24 01:00:00,-19623.08,46327.04,7508.56,22049.75,1260790,25295.12,14065.57,26917.8,22049.75
2024-02-24 02:00:00,6705.17,100037.56,5949.17,21789.99,799749,42592.24,33620.47,52993.36,21789.99
2024-02-24 03:00:00,56035.98,156794.42,19177.77,21522.93,510054,65831.7,63382.77,87986.09,21522.93
2024-02-24 04:00:00,-40243.51,23052.28,-10452.41,21247.62,839073,11282.5,-1599.01,6299.94,21247.62
2024-02-24 05:00:00,-39616.57,24834.24,89906.7,20983.11,1241726,45241.35,24026.87,57370.47,20983.11
2024-02-24 06:00:00,55757.79,137190.67,2738.88,20736.6,822493,53555.38,54105.98,69964.78,20736.6
2024-02-24 07:00:00,-556.09,75202.07,877.03,20518.98,640871,32199.36,24010.5,38039.55,20518.98
2024-02-24 08:00:00,-74308.16,38428.03,152846.56,20375.55,1041411,70550.04,34335.49,95637.29,20375.55
2024-02-24 09:00:00,-1262.09,63170.48,-1193.38,20268.44,407469,27415.18,20245.86,30988.55,20268.44
2024-02-24 10:00:00,79334.37,207384.38,-50628.84,20185.15,1235764,58980.23,64068.76,78377.77,20185.15
2024-02-24 11:00:00,29413.15,68670.46,14839.75,20191.59,1042167,34567.27,33278.74,41755.1,20191.59
2024-02-24 12:00:00,42807.96,128068.65,-3585.59,20264.06,1061961,48249.04,46888.77,62241.53,20264.06
2024-02-24 13:00:00,-17575.44,30690.04,-6920.68,20345.7,977718,14705.02,6634.91,11884.68,20345.7
2024-02-24 14:00:00,1625.2,48018.52,-1831.71,20445.8,769947,22210.87,17064.45,23093.4,20445.8
2024-02-24 15:00:00,-2669.39,66971.86,-1832.15,20587.28,958313,28575.66,20764.4,32569.86,20587.28
2024-02-24 16:00:00,17910.93,22199.69,16954.8,20676.93,990858,19943.81,19435.59,19577.25,20676.93
2024-02-24 17:00:00,19092.33,128253.63,-61221.8,20788.33,1093048,29273.39,26728.12,33515.91,20788.33
2024-02-24 18:00:00,19067.17,85829.35,-7781.26,20897.33,1294101,32981.81,29503.15,39024.04,20897.33
2024-02-24 19:00:00,62461.55,186554.62,-19429.12,20971.1,838559,62698.87,62639.54,83562.75,20971.1
2024-02-24 20:00:00,22535.25,49880.78,13293.76,20968.84,982715,28047.79,26669.66,31587.27,20968.84
2024-02-24 21:00:00,-11151.27,78159.24,44914.8,20970.5,1099412,48014.85,33223.32,61537.02,20970.5
2024-02-24 22:00:00,27095.36,72940.09,10275.55,20944.24,411739,34719.96,32813.81,41607.82,20944.24
2024-02-24 23:00:00,38624.88,143436.78,-102213.33,20882.02,1096300,20701.83,25182.59,20611.73,20882.02
2024-02-25 00:00:00,65869.93,180517.49,14037.92,20832.23,1095772,71795.88,70314.39,97277.7,20832.23
2024-02-25 01:00:00,35299.66,59072.02,4674.58,20749.17,366801,28165.26,29948.86,31873.3,20749.17
2024-02-25 02:00:00,-12653.04,72660.61,30300.94,20707.18,892249,41222.91,27753.92,51480.78,20707.18
2024-02-25 03:00:00,62428.61,291741.63,-38704.28,20690.23,744069,91242.53,84039.05,126518.68,20690.23
2024-02-25 04:00:00,35137.13,129795.22,1172.96,20701.4,857446,50556.52,46701.68,65484.09,20701.4
2024-02-25 05:00:00,-35284.79,42025.32,36444.12,20784.5,841256,33084.65,15992.29,39234.72,20784.5
2024-02-25 06:00:00,-11321.09,95732.55,1921.21,20883.87,1112342,39512.54,26804.14,48826.88,20883.87
2024-02-25 07:00:00,-31118.48,52754.76,-24005.39,20996.59,1184448,16581.99,4656.87,14374.68,20996.59
2024-02-25 08:00:00,12065.94,25762.96,-10418.34,21194.57,924613,12179.73,12151.28,7672.31,21194.57
2024-02-25 09:00:00,126374.02,293245.64,-73043.28,21379.79,572988,80527.38,91989.04,110101.18,21379.79
2024-02-25 10:00:00,-8334.95,53350.53,7013.92,21560.61,898059,27308.35,18397.53,30182.22,21560.61
2024-02-25 11:00:00,-21916.38,59165.3,17050.13,21750.94,1271973,32655.46,19012.5,38107.72,21750.94
2024-02-25 12:00:00,14526.76,93622.15,-33415.96,21947.91,1250939,27384.7,24170.21,30103.09,21947.91
2024-02-25 13:00:00,70835.0,133996.23,-11220.88,22139.39,1578231,48304.91,53937.43,61387.68,22139.39
2024-02-25 14:00:00,-46989.41,70973.6,-30775.22,22282.45,1169534,20826.94,3872.85,20099.19,22282.45
2024-02-25 15:00:00,14710.3,22629.97,8987.1,22364.44,926664,17993.84,17172.95,15808.54,22364.44
2024-02-25 16:00:00,5225.2,52172.96,4683.85,22412.27,1015539,26423.03,21123.57,28428.41,22412.27
2024-02-25 17:00:00,79793.6,86443.81,-42077.05,22423.72,1010255,22263.49,36646.02,22183.38,22423.72
2024-02-25 18:00:00,-52477.14,37312.42,209082.37,22378.04,1014051,89590.94,54073.92,123197.39,22378.04
2024-02-25 19:00:00,6360.89,79003.63,3766.04,22296.92,781439,35022.2,27856.87,41384.84,22296.92
2024-02-25 20:00:00,40572.8,64057.02,-18541.26,22199.98,822686,22571.91,27072.13,22757.88,22199.98
2024-02-25 21:00:00,77631.67,210134.91,16688.15,22126.68,1279986,82983.25,81645.35,113411.53,22126.68
2024-02-25 22:00:00,71527.93,162426.6,-67914.44,21993.65,498827,38835.27,47008.43,47256.08,21993.65
2024-02-25 23:00:00,102737.02,110759.81,11939.35,21866.41,1074955,48188.53,61825.65,61349.58,21866.41
2024-02-26 00:00:00,5285.12,26384.42,-15892.0,21737.76,1059933,10743.39,9378.82,5246.21,21737.76
2024-02-26 01:00:00,30923.52,164942.14,-8858.73,21668.83,1166104,59250.75,52168.94,78041.71,21668.83
2024-02-26 02:00:00,5778.15,43562.62,-796.02,21633.58,1016399,21466.73,17544.58,21383.3,21633.58
2024-02-26 03:00:00,289.4,37769.0,-487.54,21597.78,1562105,19626.41,14792.16,18640.73,21597.78
2024-02-26 04:00:00,36168.88,138760.4,-28410.03,21656.63,908917,44002.33,42043.97,55175.19,21656.63
2024-02-26 05:00:00,81265.67,234897.65,-9538.7,21700.19,1335893,82353.05,82081.2,112679.47,21700.19
2024-02-26 06:00:00,55096.09,89281.61,-1608.9,21801.44,907157,36491.38,41142.56,43836.36,21801.44
2024-02-26 07:00:00,12693.18,96195.86,-29938.39,21943.59,945090,29400.35,25223.56,33128.73,21943.59
2024-02-26 08:00:00,-28051.26,50857.72,34726.6,22076.82,1032428,35887.05,19902.47,42792.16,22076.82
2024-02-26 09:00:00,-24725.84,32204.49,44385.87,22208.13,906676,32932.83,18518.16,38295.18,22208.13
2024-02-26 10:00:00,-42943.93,34286.3,-22555.76,22308.39,836791,11346.31,-2226.25,5865.27,22308.39
2024-02-26 11:00:00,109445.86,215346.84,-47076.46,22408.23,928028,63559.54,75031.12,84135.19,22408.23
2024-02-26 12:00:00,49811.17,115255.17,-15418.81,22470.3,1201428,40768.89,43029.46,49918.18,22470.3
2024-02-26 13:00:00,15007.18,34910.02,-10297.68,22520.75,1099410,15711.03,15535.07,12306.17,22520.75
2024-02-26 14:00:00,90316.91,305249.82,-17238.84,22527.1,845912,103512.7,100213.75,144005.49,22527.1
2024-02-26 15:00:00,-22820.38,72396.6,-22064.94,22524.35,1139967,24285.34,12508.91,25165.83,22524.35
2024-02-26 16:00:00,95979.4,431466.55,-5921.15,22462.23,744123,149335.88,135996.76,212772.7,22462.23
2024-02-26 17:00:00,18480.84,45091.07,547.39,22369.74,958842,22669.4,21622.26,22819.23,22369.74
2024-02-26 18:00:00,23928.18,35570.56,-46521.93,22323.84,644179,3790.82,8825.16,-5475.68,22323.84
2024-02-26 19:00:00,8783.31,71945.78,989.96,22295.35,979268,31743.7,26003.6,36467.87,22295.35
2024-02-26 20:00:00,-19961.97,27603.26,1563.89,22227.56,963048,17131.57,7858.18,14583.57,22227.56
2024-02-26 21:00:00,-87942.95,77885.44,142824.12,22195.6,854819,80968.38,38740.55,110354.78,22195.6
2024-02-26 22:00:00,-34702.16,25828.16,115489.25,22213.55,1236722,54510.32,32207.2,70658.71,22213.55
2024-02-26 23:00:00,5702.89,27506.02,-8780.86,22248.05,728569,13657.74,11669.03,9362.58,22248.05
2024-02-27 00:00:00,117354.37,619829.53,7199.96,22332.52,1267351,216454.0,191679.09,313514.75,22332.52
2024-02-27 01:00:00,62730.85,174587.46,-1928.43,22426.5,787490,65028.51,64454.09,86329.51,22426.5
2024-02-27 02:00:00,50364.95,80214.3,2772.51,22576.78,938408,35187.87,38982.14,41493.41,22576.78
2024-02-27 03:00:00,139583.24,181450.27,-16038.52,22762.81,804568,62724.85,81939.45,82705.87,22762.81
2024-02-27 04:00:00,29672.43,32938.03,-12590.94,23002.96,1131068,14450.02,18255.62,10173.55,23002.96
2024-02-27 05:00:00,-24163.17,44463.0,64992.41,23207.6,924520,44221.0,27124.96,54727.7,23207.6
2024-02-27 06:00:00,27633.07,66616.18,-103508.94,23420.21,1099348,-4490.85,3540.13,-18446.38,23420.21
2024-02-27 07:00:00,29979.82,40715.68,-25654.41,23579.22,1316107,12880.16,17155.08,7530.63,23579.22
2024-02-27 08:00:00,40690.98,116465.6,22725.85,23742.7,1166347,54311.38,50906.28,69595.72,23742.7
2024-02-27 09:00:00,92802.24,351313.5,-6496.58,23857.38,907755,122891.43,115369.13,172408.46,23857.38
2024-02-27 10:00:00,46301.45,213146.16,14981.53,23921.96,1017170,84016.55,74587.78,114063.85,23921.96
2024-02-27 11:00:00,-74774.23,71654.34,52644.32,23933.67,560221,49410.77,18364.52,62149.33,23933.67
2024-02-27 12:00:00,-73287.45,78706.39,-9654.88,23894.55,579414,30982.02,4914.65,34525.76,23894.55
2024-02-27 13:00:00,-18817.75,54476.73,6228.6,23833.68,734307,28179.67,16430.32,30352.66,23833.68
2024-02-27 14:00:00,-951.99,23921.24,63.44,23732.78,943191,15905.82,11691.37,11992.34,23732.78
2024-02-27 15:00:00,24078.72,111417.07,-10494.29,23592.67,841087,41505.15,37148.54,50461.39,23592.67
2024-02-27 16:00:00,71411.89,293581.57,14262.5,23423.19,959612,110422.42,100669.79,153922.04,23423.19
2024-02-27 17:00:00,9635.9,27835.26,-4641.2,23256.47,1288523,15483.51,14021.61,11597.03,23256.47
2024-02-27 18:00:00,26361.87,36230.29,-699.75,23093.0,625758,19541.18,21246.35,17765.27,23093.0
2024-02-27 19:00:00,24113.09,56333.67,-18167.94,22898.36,1254208,20354.7,21294.3,19082.87,22898.36
2024-02-27 20:00:00,147526.01,329153.12,-606.83,22745.17,1033530,117097.16,124704.37,164273.15,22745.17
2024-02-27 21:00:00,-25521.88,34020.85,-12305.26,22635.52,1267077,14783.7,4707.31,10857.8,22635.52
2024-02-27 22:00:00,52086.29,165970.8,477.95,22526.27,916249,62991.67,60265.33,83224.37,22526.27
2024-02-27 23:00:00,102792.57,300314.07,-23925.24,22508.34,1188893,99632.39,100422.43,138194.42,22508.34
2024-02-28 00:00:00,23571.96,91861.83,-39531.27,22444.55,806026,24925.04,24586.77,26165.28,22444.55
2024-02-28 01:00:00,26532.58,64007.88,21000.76,22411.57,1221646,35806.74,33488.2,42504.32,22411.57
2024-02-28 02:00:00,36440.17,54417.14,19659.42,22342.21,963152,32139.59,33214.74,37038.28,22342.21
2024-02-28 03:00:00,34522.26,129895.65,-19620.45,22350.18,1647986,44208.46,41786.91,55137.6,22350.18
2024-02-28 04:00:00,-235.36,51490.19,594.01,22288.19,1310171,24790.8,18534.26,26042.1,22288.19
2024-02-28 05:00:00,12167.14,93335.46,-12204.28,22173.25,1237142,34434.81,28867.89,40565.59,22173.25
2024-02-28 06:00:00,43116.72,144454.99,-3203.27,22086.27,960899,54446.0,51613.68,70625.86,22086.27
2024-02-28 07:00:00,100138.08,147102.99,-15673.68,21914.57,760527,51114.63,63370.49,65714.66,21914.57
2024-02-28 08:00:00,100157.05,191756.4,-10690.77,21762.04,1279529,67609.22,75746.18,90532.81,21762.04
2024-02-28 09:00:00,-37992.91,78111.52,-24707.29,21529.73,1803739,24977.99,9235.26,26702.12,21529.73
2024-02-28 10:00:00,37345.65,110121.72,-25082.34,21308.98,601206,35449.46,35923.5,42519.69,21308.98
2024-02-28 11:00:00,67594.34,187586.2,2092.95,21023.43,870461,70234.19,69574.23,94839.58,21023.43
2024-02-28 12:00:00,63398.02,273413.35,-6647.86,20750.41,1298054,95838.63,87728.48,133382.74,20750.41
2024-02-28 13:00:00,29114.74,130403.31,18894.77,20473.46,660024,56590.51,49721.57,74649.04,20473.46
2024-02-28 14:00:00,-16474.89,23270.43,-12891.94,20213.84,1268395,10197.45,3529.36,5189.25,20213.84
2024-02-28 15:00:00,67777.77,220671.99,-22177.36,19983.6,1169322,72826.08,71564.0,99247.32,19983.6
2024-02-28 16:00:00,4990.14,52291.72,-1612.84,19814.07,1497409,23497.65,18870.77,25339.44,19814.07
2024-02-28 17:00:00,15404.54,39306.96,910.88,19656.26,928965,19958.03,18819.66,20108.92,19656.26
2024-02-28 18:00:00,31330.02,64208.0,-13209.61,19582.61,899880,23527.0,25477.76,25499.19,19582.61
2024-02-28 19:00:00,58432.41,249606.65,14697.12,19539.82,1087102,94614.53,85569.0,132151.89,19539.82
2024-02-28 20:00:00,41665.25,55373.53,-71242.98,19592.03,803932,1240.86,11346.96,-7934.72,19592.03
2024-02-28 21:00:00,67180.22,96703.74,10432.42,19667.09,1278021,42267.75,48495.87,53568.08,19667.09
2024-02-28 22:00:00,-28931.42,29170.77,68966.6,19782.57,682165,39306.64,22247.13,49068.68,19782.57
2024-02-28 23:00:00,-45176.11,34074.78,46353.58,19938.9,844678,33455.75,13797.79,40214.18,19938.9
2024-02-29 00:00:00,23698.75,50575.1,-73700.18,20119.53,681886,-1001.85,5173.3,-11562.54,20119.53
2024-02-29 01:00:00,-15511.31,53896.35,5767.52,20309.01,1085486,26657.62,16115.39,29831.93,20309.01
2024-02-29 02:00:00,44921.67,180449.45,-84583.69,20458.05,1009803,38774.6,40311.37,47932.88,20458.05
2024-02-29 03:00:00,-25367.52,26099.62,10421.96,20619.3,751960,19046.96,7943.34,18260.79,20619.3
2024-02-29 04:00:00,39877.68,120865.58,-6920.28,20736.07,721768,44893.79,43639.76,56972.65,20736.07
2024-02-29 05:00:00,-19473.75,78279.96,-1502.19,20860.4,973513,32546.06,19541.1,38388.88,20860.4
2024-02-29 06:00:00,44251.66,93896.65,6676.04,20935.68,539444,40502.79,41440.01,50286.34,20935.68
2024-02-29 07:00:00,70965.15,442388.48,-16242.65,20984.09,1364668,149043.31,129523.77,213072.92,20984.09
2024-02-29 08:00:00,26521.65,42470.3,-43391.1,21016.89,960423,6698.7,11654.44,-460.4,21016.89
2024-02-29 09:00:00,10954.18,39643.81,-29785.67,21048.74,557558,10302.29,10465.26,4929.07,21048.74
2024-02-29 10:00:00,48619.67,51946.66,-8551.7,21041.95,902675,21478.97,28264.15,21697.48,21041.95
2024-02-29 11:00:00,-4690.15,76595.92,14293.35,21123.22,523869,37337.49,26830.58,45444.63,21123.22
2024-02-29 12:00:00,82250.63,305754.23,-20435.29,21214.09,891792,102177.68,97195.92,142659.47,21214.09
2024-02-29 13:00:00,11487.4,39002.96,-2008.52,21320.65,680307,19438.36,17450.62,18497.22,21320.65
2024-02-29 14:00:00,-2605.7,117541.28,-2075.27,21446.42,718975,45637.48,33576.68,57733.01,21446.42
2024-02-29 15:00:00,17361.18,69917.74,9458.05,21650.11,1185380,33675.3,29596.77,39687.9,21650.11
2024-02-29 16:00:00,38335.88,66602.93,7737.38,21860.11,1102007,32066.81,33634.07,37170.16,21860.11
2024-02-29 17:00:00,93309.71,202024.66,2344.02,22152.38,1905683,75507.02,79957.69,102184.34,22152.38
2024-02-29 18:00:00,57375.96,176739.12,8445.54,22407.76,738175,69197.47,66242.1,92592.33,22407.76
2024-02-29 19:00:00,-9293.15,45252.01,-5032.5,22683.54,1130548,20967.68,13402.47,20109.75,22683.54
2024-02-29 20:00:00,-45004.82,54267.72,18495.45,22990.1,734194,31917.76,12687.11,36381.58,22990.1
2024-02-29 21:00:00,55922.01,60557.75,-35910.86,23282.03,1065375,15976.31,25962.73,12323.45,23282.03
2024-02-29 22:00:00,65991.04,118847.37,511.13,23533.11,840748,47630.54,52220.66,59679.25,23533.11
2024-02-29 23:00:00,11719.86,57913.42,-10677.78,23776.18,439278,23670.61,20682.92,23617.82,23776.18
2024-03-01 00:00:00,2629.25,94721.62,-1745.44,23973.37,1179050,38983.18,29894.7,46488.09,23973.37
2024-03-01 01:00:00,-53768.04,65671.05,101195.78,24108.28,994965,63658.37,34301.77,83433.41,24108.28
2024-03-01 02:00:00,-64383.84,38689.73,244690.78,24209.22,1247128,102529.91,60801.47,141690.25,24209.22
2024-03-01 03:00:00,25723.81,51753.82,22409.72,24220.91,1295754,32794.82,31027.06,37081.77,24220.91
2024-03-01 04:00:00,64287.22,228952.38,5472.62,24178.13,1078389,86201.04,80722.59,117212.5,24178.13
2024-03-01 05:00:00,15770.36,56809.01,14775.79,24132.21,764696,31905.67,27871.84,35792.4,24132.21
2024-03-01 06:00:00,33367.42,102837.39,3302.57,24036.96,826511,43392.31,40886.09,53069.98,24036.96
2024-03-01 07:00:00,87736.14,153596.55,-62954.05,23892.86,412394,38178.45,50567.87,45321.25,23892.86
2024-03-01 08:00:00,5941.34,24011.48,-289.09,23780.41,996217,15834.27,13361.03,11861.2,23780.41
2024-03-01 09:00:00,-17475.49,36837.04,-1221.09,23662.94,1808843,19759.63,10450.85,17807.97,23662.94
2024-03-01 10:00:00,24383.9,81417.83,-51461.4,23530.66,1112902,17829.03,19467.75,14978.22,23530.66
2024-03-01 11:00:00,31618.99,213007.39,-5867.63,23437.66,507999,76859.14,65549.1,103569.88,23437.66
2024-03-01 12:00:00,74487.77,302168.08,-63432.18,23346.83,985300,87360.91,84142.62,119367.95,23346.83
2024-03-01 13:00:00,9480.98,77311.51,-6262.15,23325.45,817168,31458.27,25963.95,35524.68,23325.45
2024-03-01 14:00:00,6706.53,57568.07,-13324.04,23310.83,990409,22518.29,18565.35,22122.02,23310.83
2024-03-01 15:00:00,77275.4,292995.0,-4244.59,23329.3,653302,104026.57,97338.78,144375.21,23329.3
2024-03-01 16:00:00,37327.3,146644.28,-34374.83,23364.93,1358184,45211.46,43240.42,56134.72,23364.93
2024-03-01 17:00:00,11992.78,39047.75,-34788.28,23411.39,1277850,9223.62,9915.91,2129.74,23411.39
2024-03-01 18:00:00,-10429.32,70964.38,3021.25,23462.04,790549,32482.56,21754.59,36992.81,23462.04
2024-03-01 19:00:00,57402.05,78659.63,23004.44,23437.51,1193701,41700.53,45625.91,50832.03,23437.51
2024-03-01 20:00:00,13129.47,90178.65,-14993.83,23384.71,831620,32856.51,27924.75,37592.41,23384.71
2024-03-01 21:00:00,64546.82,177506.11,21043.71,23290.08,1645842,73946.63,71596.68,99274.91,23290.08
2024-03-01 22:00:00,55881.76,71208.58,-41698.65,23190.79,1151692,17566.91,27145.62,14754.97,23190.79
2024-03-01 23:00:00,52554.43,53119.52,-67304.71,23059.35,713337,2958.05,15357.15,-7092.59,23059.35
2024-03-02 00:00:00,63336.47,124805.9,-57742.44,22868.44,393984,29977.3,38317.09,33531.73,22868.44
2024-03-02 01:00:00,46772.14,123370.22,-20093.76,22679.18,1520281,41985.21,43181.94,51638.23,22679.18
2024-03-02 02:00:00,-7411.36,54639.55,13751.58,22456.0,1640951,30282.38,20858.94,34195.56,22456.0
2024-03-02 03:00:00,8663.7,112402.68,-6830.77,22235.53,649395,42602.48,34117.78,52785.96,22235.53
2024-03-02 04:00:00,54187.08,192222.92,-28904.19,22011.23,724538,61776.65,59879.26,81659.36,22011.23
2024-03-02 05:00:00,4841.5,26335.68,-7939.11,21837.5,1176034,13411.36,11268.89,9198.29,21837.5
2024-03-02 06:00:00,137834.93,601125.52,-38787.05,21664.28,1023683,194667.58,180459.42,281169.23,21664.28
2024-03-02 07:00:00,55507.31,96173.43,-40801.01,21549.82,1126713,25640.75,33107.39,27686.21,21549.82
2024-03-02 08:00:00,-52140.19,79836.57,172515.33,21455.33,474265,91269.08,55416.76,126175.95,21455.33
2024-03-02 09:00:00,68956.47,98533.8,-4859.49,21389.77,1119938,38354.69,46005.14,46837.15,21389.77
2024-03-02 10:00:00,-57758.49,63020.27,-37437.43,21343.82,648031,15642.22,-2707.95,12791.42,21343.82
2024-03-02 11:00:00,15577.6,39964.59,-16847.27,21381.6,1280585,14832.98,15019.13,11558.66,21381.6
2024-03-02 12:00:00,90035.16,167312.56,8483.45,21427.55,875747,65741.19,71814.68,87898.01,21427.55
2024-03-02 13:00:00,14846.65,59084.67,8275.4,21518.94,555488,29626.33,25931.41,33680.03,21518.94
2024-03-02 14:00:00,71657.23,117434.31,2922.0,21617.46,1126778,47324.59,53407.75,60178.15,21617.46
2024-03-02 15:00:00,14988.89,46634.28,5265.42,21726.48,649200,24542.06,22153.77,25949.85,21726.48
2024-03-02 16:00:00,23617.41,79834.77,-3857.82,21847.64,707643,32608.2,30360.5,37988.48,21847.64
2024-03-02 17:00:00,61318.12,257073.62,-65227.9,21934.11,730726,71259.94,68774.49,95922.86,21934.11
2024-03-02 18:00:00,-5090.77,59651.25,226.11,21970.58,1431346,27282.65,19189.29,29938.68,21970.58
2024-03-02 19:00:00,16739.23,83674.67,-42463.63,21995.89,851029,21068.97,19986.54,20605.52,21995.89
2024-03-02 20:00:00,102672.87,146629.54,-21557.95,21988.42,921431,49020.0,62433.22,62535.8,21988.42
2024-03-02 21:00:00,36012.16,83527.65,12247.12,21968.55,636963,39247.77,38438.87,47887.38,21968.55
2024-03-02 22:00:00,68380.48,108077.57,-43024.4,21886.89,955263,28980.02,38830.14,32526.59,21886.89
2024-03-02 23:00:00,20001.98,53337.36,-16551.22,21816.97,589576,19534.37,19651.27,18393.07,21816.97
2024-03-03 00:00:00,92638.79,226683.05,-46485.48,21696.86,1352866,67298.14,73633.31,90098.78,21696.86
2024-03-03 01:00:00,-59719.08,22921.63,146.58,21580.84,771019,14883.02,-3767.51,11534.1,21580.84
2024-03-03 02:00:00,-1442.95,54403.18,-1140.39,21480.37,839168,24914.39,18325.05,26631.39,21480.37
2024-03-03 03:00:00,-5463.75,52635.11,4115.83,21341.68,955691,26030.87,18157.22,28375.47,21341.68
2024-03-03 04:00:00,22391.0,35896.43,-3900.01,21256.77,710785,17751.07,18911.05,15998.21,21256.77
2024-03-03 05:00:00,71883.31,130932.25,17762.32,21209.02,996848,56634.53,60446.73,74347.28,21209.02
2024-03-03 06:00:00,5792.45,77863.78,4789.14,21230.91,894245,34627.94,27419.07,41326.46,21230.91
2024-03-03 07:00:00,3196.21,96687.15,-701.69,21265.48,922637,39083.65,30111.79,47992.73,21265.48
2024-03-03 08:00:00,-70862.69,24940.52,57599.21,21311.82,1078138,34617.18,8247.22,41269.87,21311.82
2024-03-03 09:00:00,-23158.3,112663.49,-22013.25,21368.61,623142,37339.62,22215.14,45325.12,21368.61
2024-03-03 10:00:00,32242.64,128669.57,-58997.28,21474.46,593249,30382.25,30847.35,34836.14,21474.46
2024-03-03 11:00:00,20123.43,47656.18,8551.34,21568.92,1597042,25925.48,24474.97,28103.76,21568.92
2024-03-03 12:00:00,121449.53,199585.92,-25237.21,21663.27,769806,65337.33,79365.38,87174.35,21663.27
2024-03-03 13:00:00,52550.1,155456.14,-9013.69,21746.84,880266,56063.1,55184.85,73221.22,21746.84
2024-03-03 14:00:00,45654.18,125497.2,-8582.84,21778.54,1216511,46230.97,46086.77,58457.18,21778.54
2024-03-03 15:00:00,72635.86,173032.91,-1607.07,21794.68,755152,64406.84,66464.1,85712.92,21794.68
2024-03-03 16:00:00,1177.14,77936.21,-1918.58,21743.94,1167257,32587.19,24734.67,38008.81,21743.94
2024-03-03 17:00:00,38448.94,60472.65,-6095.32,21654.74,1054864,25344.02,28620.25,27188.66,21654.74
2024-03-03 18:00:00,79916.61,159716.63,-609.86,21537.96,1180081,60214.91,65140.33,79553.38,21537.96
2024-03-03 19:00:00,23906.58,126619.56,-15072.57,21385.22,1128488,44310.74,39209.7,55773.5,21385.22
2024-03-03 20:00:00,-10793.09,29666.74,-3239.78,21239.77,1336602,15888.91,9218.41,13213.48,21239.77
2024-03-03 21:00:00,-1362.53,28195.69,1717.42,21077.69,989433,16996.94,12407.07,14956.56,21077.69
2024-03-03 22:00:00,51981.58,241416.06,-30654.39,20871.05,1128092,77210.9,70903.57,105380.83,20871.05
2024-03-03 23:00:00,-5123.9,42762.67,11552.1,20718.11,1120283,25010.96,17477.24,27157.38,20718.11
2024-03-04 00:00:00,3979.65,93375.25,-1685.02,20599.24,987697,37429.83,29067.28,45845.12,20599.24
2024-03-04 01:00:00,124130.4,125402.53,-28393.85,20470.48,500319,39159.72,60402.39,48504.34,20470.48
2024-03-04 02:00:00,-3975.73,30224.58,-1139.61,20406.8,780167,16497.26,11379.01,14542.49,20406.8
2024-03-04 03:00:00,123775.76,381254.18,-66862.13,20396.42,1400513,111596.16,114641.06,157196.03,20396.42
2024-03-04 04:00:00,-13497.14,72830.4,29403.16,20425.74,909449,40886.43,27290.54,51116.78,20425.74
2024-03-04 05:00:00,54166.6,184182.83,15064.21,20515.99,1264116,73254.34,68482.41,99623.52,20515.99
2024-03-04 06:00:00,63318.0,78565.11,17731.45,20616.76,1280954,38971.11,45057.83,48148.28,20616.76
2024-03-04 07:00:00,55045.99,292954.1,-7100.94,20788.09,1445097,102213.75,90421.81,142926.58,20788.09
2024-03-04 08:00:00,53264.61,54509.23,-25586.44,20960.05,1123730,16627.61,25786.86,14461.4,20960.05
2024-03-04 09:00:00,35024.92,73699.22,-5793.06,21164.03,1125762,29690.06,31023.78,33953.08,21164.03
2024-03-04 10:00:00,-20320.78,40295.15,22867.31,21300.53,1066719,28154.33,16035.55,31581.23,21300.53
2024-03-04 11:00:00,-3160.67,41302.42,-1611.32,21435.1,1155031,20375.4,14491.38,19845.55,21435.1
2024-03-04 12:00:00,-13266.01,48246.05,-12391.46,21560.54,1389034,19138.38,11037.28,17927.29,21560.54
2024-03-04 13:00:00,64999.48,312004.08,4240.08,21704.59,809044,112649.58,100737.06,158122.08,21704.59
2024-03-04 14:00:00,112573.99,195147.44,15774.07,21834.52,1858456,77585.34,86332.51,105460.76,21834.52
2024-03-04 15:00:00,-16743.54,35209.54,-2871.23,21882.55,719083,18073.62,9369.33,16169.16,21882.55
2024-03-04 16:00:00,25988.41,84168.16,19365.08,21907.98,833142,41813.74,37857.41,51766.62,21907.98
2024-03-04 17:00:00,100055.45,290715.55,-27045.77,21906.56,900412,95192.11,96407.95,131834.89,21906.56
2024-03-04 18:00:00,12725.9,64310.82,-2058.17,21940.43,852780,28064.36,24229.75,31126.33,21940.43
2024-03-04 19:00:00,33715.01,91922.45,7494.81,21956.24,668336,40457.83,38772.13,49708.63,21956.24
2024-03-04 20:00:00,18113.08,115918.46,-31147.78,21991.24,837274,35587.31,31218.75,42385.34,21991.24
2024-03-04 21:00:00,-13541.27,22901.78,28708.69,22035.51,601388,24548.66,15026.18,25805.24,22035.51
2024-03-04 22:00:00,36856.45,132799.89,-5564.13,22122.99,1018646,49786.25,46553.8,63617.88,22122.99
2024-03-04 23:00:00,81310.86,225819.45,-2748.78,22230.79,1066674,81767.15,81653.08,111535.33,22230.79
2024-03-05 00:00:00,90944.04,270873.2,19050.65,22425.51,685713,104116.45,100823.35,144961.93,22425.51
2024-03-05 01:00:00,76499.29,244807.98,21902.03,22607.38,1027021,96439.13,91454.17,133355.0,22607.38
2024-03-05 02:00:00,-25211.29,63574.13,102827.16,22831.46,1115346,63077.58,41005.37,83200.65,22831.46
2024-03-05 03:00:00,-6374.3,32037.36,13314.25,23086.45,1129710,22812.69,15515.94,22675.81,23086.45
2024-03-05 04:00:00,8568.71,102234.18,2501.92,23355.89,906865,42697.33,34165.18,52368.05,23355.89
2024-03-05 05:00:00,-54215.6,34356.68,12674.04,23631.52,1276241,23554.08,4111.66,23515.36,23631.52
2024-03-05 06:00:00,44455.36,50014.24,18517.65,23874.42,765939,30802.1,34215.42,34265.94,23874.42
2024-03-05 07:00:00,53587.0,117023.07,15753.39,24094.22,925590,52290.23,52614.42,66388.23,24094.22
2024-03-05 08:00:00,52094.66,81452.84,19324.73,24266.93,343689,41681.5,44284.79,50388.79,24266.93
2024-03-05 09:00:00,5538.81,60018.42,-23559.64,24359.88,1063461,20272.89,16589.37,18229.39,24359.88
2024-03-05 10:00:00,-47700.34,39822.83,-40648.53,24432.39,763004,7868.9,-6023.41,-412.85,24432.39
2024-03-05 11:00:00,-27542.89,25920.66,43041.13,24442.83,1048926,31134.87,16465.43,34480.9,24442.83
2024-03-05 12:00:00,-56361.74,26022.24,108323.41,24426.31,1278031,52923.99,25602.55,67172.82,24426.31
2024-03-05 13:00:00,-72204.43,83455.72,4546.15,24354.64,1258541,37452.17,10038.02,44000.94,24354.64
2024-03-05 14:00:00,30736.29,118909.39,12153.63,24271.81,1024717,51778.28,46517.78,65531.51,24271.81
2024-03-05 15:00:00,22543.8,86513.84,-14435.65,24130.87,1280788,32069.69,29688.22,36039.09,24130.87
2024-03-05 16:00:00,82220.23,241992.48,11630.49,23968.74,1205044,92530.57,89952.98,126811.48,23968.74
2024-03-05 17:00:00,48819.92,148830.22,19719.99,23815.83,1375853,64122.01,60296.49,84275.11,23815.83
2024-03-05 18:00:00,57933.79,70204.29,-13666.32,23668.42,556278,26735.46,34535.04,28268.98,23668.42
2024-03-05 19:00:00,8826.42,43687.18,4649.4,23504.58,1116396,23947.05,20166.89,24168.29,23504.58
2024-03-05 20:00:00,-24539.5,60476.32,19229.11,23376.05,981390,34360.5,19635.5,39852.72,23376.05
2024-03-05 21:00:00,-62626.65,54575.92,11505.84,23249.87,1536986,29777.21,6676.25,33040.88,23249.87
2024-03-05 22:00:00,-6056.69,46838.33,11013.46,23179.49,358989,27010.43,18743.65,28925.89,23179.49
2024-03-05 23:00:00,79205.66,281209.65,-87631.93,23114.46,918746,72230.73,73974.46,96788.86,23114.46
2024-03-06 00:00:00,-1603.94,40584.45,1062.87,23053.75,1193232,21567.02,15774.28,20823.66,23053.75
2024-03-06 01:00:00,95996.8,152249.6,12406.11,23041.92,1691760,62565.88,70923.61,82327.85,23041.92
2024-03-06 02:00:00,19585.55,146693.35,5355.34,23011.01,633795,58353.23,48661.31,76024.35,23011.01
2024-03-06 03:00:00,68639.69,419342.41,15813.49,22928.43,813291,152694.78,131681.0,217577.95,22928.43
2024-03-06 04:00:00,-17833.32,33176.16,16154.25,22872.54,589374,24067.65,13592.41,24665.2,22872.54
2024-03-06 05:00:00,18134.16,26738.43,-9132.85,22799.45,1416749,13468.34,14634.8,8802.79,22799.45
2024-03-06 06:00:00,6154.19,43201.21,-14354.46,22672.46,1081443,17173.07,14418.35,14423.37,22672.46
2024-03-06 07:00:00,35847.92,58043.59,4267.6,22483.0,727620,28264.73,30160.53,31155.6,22483.0
2024-03-06 08:00:00,-21728.36,38093.31,8987.0,22274.72,1141073,23118.34,11906.67,23540.16,22274.72
2024-03-06 09:00:00,-47964.2,55397.12,-25599.98,22038.93,1057759,17278.69,967.97,14898.57,22038.93
2024-03-06 10:00:00,-21341.09,35581.07,49496.07,21762.63,886029,35613.26,21374.67,42538.57,21762.63
2024-03-06 11:00:00,61969.86,210936.87,-17221.97,21460.66,1126242,71725.19,69286.35,96857.45,21460.66
2024-03-06 12:00:00,19680.58,29920.14,3299.63,21143.93,793944,18121.23,18511.07,16609.89,21143.93
2024-03-06 13:00:00,1333.21,121866.15,-4983.93,20849.15,1198447,45910.46,34766.14,58441.11,20849.15
2024-03-06 14:00:00,-29026.67,25192.29,4019.09,20566.34,1665799,16592.57,5187.76,14605.69,20566.34
2024-03-06 15:00:00,31068.13,87017.63,7635.43,20291.03,1365335,38314.69,36503.05,47326.53,20291.03
2024-03-06 16:00:00,-19864.07,39029.43,67955.54,20060.81,792983,42348.59,26795.43,53492.49,20060.81
2024-03-06 17:00:00,-42462.87,44181.64,20679.04,19894.68,1631520,28251.79,10573.12,32430.34,19894.68
2024-03-06 18:00:00,-9916.42,54743.34,-8756.29,19807.64,1238752,21931.56,13969.57,22993.52,19807.64
2024-03-06 19:00:00,29376.15,126178.61,6591.43,19748.01,557933,50839.35,45473.55,66385.02,19748.01
2024-03-06 20:00:00,20769.35,53725.02,-74196.4,19777.73,902410,-231.22,5018.93,-10235.69,19777.73
2024-03-06 21:00:00,-965.5,78795.88,876.73,19819.4,797139,33164.0,24631.63,39836.31,19819.4
2024-03-06 22:00:00,14607.78,30842.49,-35581.48,19961.38,894188,5074.13,7457.54,-2369.49,19961.38
2024-03-06 23:00:00,30094.52,36265.93,-1046.32,20105.91,769294,18441.84,21355.01,17609.81,20105.91
2024-03-07 00:00:00,19451.28,58364.31,1158.55,20213.41,1123038,26578.76,24796.89,29761.43,20213.41
2024-03-07 01:00:00,32541.67,43277.0,2040.91,20331.23,1185985,21883.05,24547.7,22658.96,20331.23
2024-03-07 02:00:00,78714.83,131819.98,18490.65,20487.29,916022,56932.64,62378.19,75155.32,20487.29
2024-03-07 03:00:00,41690.81,190093.4,5422.49,20603.87,1197868,72039.92,64452.64,97757.95,20603.87
2024-03-07 04:00:00,3461.38,31839.83,-6641.48,20682.71,564101,15293.69,12335.61,12599.18,20682.71
2024-03-07 05:00:00,15842.16,58531.62,-4429.32,20754.18,1213507,24952.16,22674.66,27051.15,20754.18
2024-03-07 06:00:00,68629.5,169843.52,-39524.24,20786.05,964511,50368.44,54933.71,65159.64,20786.05
2024-03-07 07:00:00,-38291.19,45823.0,27780.35,20818.7,1231896,31474.01,14032.71,36801.67,20818.7
2024-03-07 08:00:00,42479.85,102716.31,-11900.19,20814.6,745586,37210.24,38527.64,45408.06,20814.6
2024-03-07 09:00:00,11253.22,40475.66,1312.74,20775.24,1006704,20854.55,18454.22,20894.2,20775.24
2024-03-07 10:00:00,68197.69,216388.51,-30081.85,20768.81,1129632,69025.15,68818.29,93153.33,20768.81
2024-03-07 11:00:00,41175.4,158109.49,-9640.08,20763.05,1045166,56410.82,52601.97,74234.71,20763.05
2024-03-07 12:00:00,117136.29,364683.3,15641.25,20808.97,1273819,133711.17,129567.45,190162.27,20808.97
2024-03-07 13:00:00,41825.07,84108.47,-38501.62,20817.25,740993,22141.37,27062.29,22803.43,20817.25
2024-03-07 14:00:00,8571.66,33584.81,-1336.76,20927.24,1313951,17725.1,15436.74,16124.03,20927.24
2024-03-07 15:00:00,-11418.47,98179.28,8308.77,21046.97,721623,42511.67,29029.14,53244.03,21046.97
2024-03-07 16:00:00,45859.89,94195.26,-43824.23,21213.54,955950,23861.52,29361.11,25185.51,21213.54
2024-03-07 17:00:00,67569.81,77658.69,-55414.63,21419.86,1174251,14554.64,27808.43,11122.03,21419.86
2024-03-07 18:00:00,-14369.17,46981.07,3256.72,21671.95,977976,23969.91,14385.14,25118.9,21671.95
2024-03-07 19:00:00,36793.45,55868.94,8041.96,21896.95,796475,28602.62,30650.32,31955.45,21896.95
2024-03-07 20:00:00,138661.95,214373.27,18297.97,22170.63,1373589,84947.29,98375.95,116335.62,22170.63
2024-03-07 21:00:00,56458.72,137502.4,-55680.41,22390.59,1233942,34737.53,40167.83,40911.0,22390.59
2024-03-07 22:00:00,-56288.6,118399.88,-21880.6,22631.65,1309242,39716.98,15715.58,48259.64,22631.65
2024-03-07 23:00:00,9559.0,45192.7,8043.44,22836.65,1139211,25357.6,21407.95,26618.07,22836.65
2024-03-08 00:00:00,90790.85,92923.88,-7070.86,22962.51,1143357,36271.85,49901.6,42926.51,22962.51
2024-03-08 01:00:00,-6822.34,74929.75,35498.48,23078.37,600053,44502.2,31671.07,55214.12,23078.37
2024-03-08 02:00:00,-2197.13,46016.49,-697.19,23123.02,1323587,22814.11,16561.3,22659.65,23123.02
2024-03-08 03:00:00,-34322.15,80333.91,-30053.26,23122.06,997848,24467.57,9770.14,25140.32,23122.06
2024-03-08 04:00:00,27632.63,121895.24,1378.42,23097.01,807271,48790.22,43500.83,61636.83,23097.01
2024-03-08 05:00:00,63148.02,87686.23,16213.63,23052.34,1438344,42317.4,47525.06,51949.93,23052.34
2024-03-08 06:00:00,-17486.78,57607.94,48574.12,22959.19,1345033,43047.09,27913.62,53091.03,22959.19
2024-03-08 07:00:00,59386.72,73549.68,-5359.53,22840.04,1006713,30343.4,37604.23,34095.07,22840.04
2024-03-08 08:00:00,35591.04,40215.37,-62239.38,22736.45,873216,237.48,9075.87,-11012.0,22736.45
2024-03-08 09:00:00,9522.41,56834.44,7612.85,22588.45,862893,29011.91,24139.54,32223.64,22588.45
2024-03-08 10:00:00,29742.66,62508.84,-30435.17,22494.74,971603,18189.47,21077.77,16036.84,22494.74
2024-03-08 11:00:00,7657.31,23207.57,6213.95,22446.69,799922,17289.4,14881.38,14710.76,22446.69
2024-03-08 12:00:00,-7446.63,35951.74,-4013.76,22431.6,535721,18123.19,11730.74,15968.99,22431.6
2024-03-08 13:00:00,-41855.7,37431.27,-36630.52,22438.47,1132004,7746.4,-4654.12,400.37,22438.47
2024-03-08 14:00:00,91151.24,323645.92,-27354.04,22511.67,1143611,106267.85,102488.7,148145.94,22511.67
2024-03-08 15:00:00,3581.99,86087.05,-2105.43,22583.93,1324114,35521.85,27536.89,41990.81,22583.93
2024-03-08 16:00:00,60356.86,90559.58,-752.31,22684.55,788210,37497.28,43212.17,44903.64,22684.55
2024-03-08 17:00:00,-49160.67,76361.99,34616.82,22779.99,867142,44586.27,21149.53,55489.41,22779.99
2024-03-08 18:00:00,-31950.61,86741.59,44558.48,22865.67,1222169,51388.58,30553.78,65650.04,22865.67
2024-03-08 19:00:00,-16121.72,37197.54,6265.8,22910.84,892006,22124.72,12563.11,21731.67,22910.84
2024-03-08 20:00:00,-31815.38,46678.01,10008.28,22967.94,1018028,26551.41,11959.71,28343.15,22967.94
2024-03-08 21:00:00,1097.1,28119.97,-3182.77,22984.05,1049180,15973.75,12254.59,12468.6,22984.05
2024-03-08 22:00:00,-55486.28,35911.88,6437.54,23008.95,1111705,21786.12,2468.02,21174.71,23008.95
2024-03-08 23:00:00,-14735.86,79023.94,567.56,22956.3,621941,34182.6,21952.98,39795.75,22956.3
2024-03-09 00:00:00,-76997.79,25768.37,13690.97,22904.11,1345513,20787.81,-3658.59,19729.67,22904.11
2024-03-09 01:00:00,-24895.89,50763.05,-10921.53,22814.1,1416849,20885.2,9439.93,19920.76,22814.1
2024-03-09 02:00:00,-32854.68,50612.42,26137.39,22665.34,1426215,33138.38,16640.12,38374.91,22665.34
2024-03-09 03:00:00,-75122.48,107275.35,-62982.87,22529.76,1710455,22274.08,-2075.06,22146.24,22529.76
2024-03-09 04:00:00,-24386.29,58167.85,-7359.76,22391.5,1803926,24399.86,12203.32,25404.04,22391.5
2024-03-09 05:00:00,34271.63,143231.37,-11356.28,22293.1,1490060,51389.4,47109.95,65937.54,22293.1
2024-03-09 06:00:00,27324.7,110783.13,-10553.46,22190.06,1110755,40806.58,37436.11,50114.84,22190.06
2024-03-09 07:00:00,-23384.69,28964.87,74128.85,22120.59,1175944,41738.1,25457.41,51546.86,22120.59
2024-03-09 08:00:00,56828.8,83773.76,2461.56,22098.99,963297,36111.44,41290.78,43117.66,22098.99
2024-03-09 09:00:00,42589.38,206339.76,-4764.79,22140.29,644469,74571.75,66576.16,100787.48,22140.29
2024-03-09 10:00:00,-22656.59,55907.66,4238.75,22211.09,684873,27452.5,14925.23,30073.2,22211.09
2024-03-09 11:00:00,-46751.41,27725.41,-5078.74,22277.89,759901,14974.85,-456.71,11323.33,22277.89
2024-03-09 12:00:00,34626.22,61578.39,-20578.42,22388.74,957820,21129.57,24503.73,20499.99,22388.74
2024-03-09 13:00:00,42781.86,87909.36,10687.18,22539.79,1341815,40378.78,40979.55,49298.27,22539.79
2024-03-09 14:00:00,49721.28,57837.82,-24456.09,22687.53,619809,18689.76,26447.64,16690.87,22687.53
2024-03-09 15:00:00,-48341.55,72878.58,-1736.49,22854.93,1303385,31332.34,11413.87,35571.05,22854.93
2024-03-09 16:00:00,-60706.29,34604.14,103075.8,23002.73,1196667,53560.89,24994.1,68839.97,23002.73
2024-03-09 17:00:00,75126.34,110227.48,-30614.74,23100.42,895150,34237.72,44459.88,39806.37,23100.42
2024-03-09 18:00:00,77584.78,199744.33,17491.46,23171.48,1258226,80135.76,79498.01,108617.9,23171.48
2024-03-09 19:00:00,65428.51,222048.8,-3261.13,23215.18,1071786,80667.61,76857.84,109393.83,23215.18
2024-03-09 20:00:00,40836.79,125977.77,-21267.68,23220.11,777199,42643.4,42191.75,52355.04,23220.11
2024-03-09 21:00:00,38126.12,128773.22,-48090.82,23171.73,1259427,34618.04,35495.06,40341.2,23171.73
2024-03-09 22:00:00,-40635.07,87551.1,56035.85,23078.02,1297432,55554.99,31507.48,71793.48,23078.02
2024-03-09 23:00:00,26082.39,40100.38,-54333.16,22953.52,818592,2906.91,8700.78,-7116.39,22953.52
2024-03-10 00:00:00,-62890.34,94142.76,17457.19,22767.78,1358214,44789.24,17869.35,55799.98,22767.78
2024-03-10 01:00:00,6953.61,51159.68,-2869.64,22618.4,919547,23636.15,19465.52,24145.02,22618.4
2024-03-10 02:00:00,22494.36,68498.12,9614.38,22477.73,523259,33530.08,30771.15,39056.25,22477.73
2024-03-10 03:00:00,63506.42,226700.65,12167.18,22340.94,762355,87069.59,81178.8,119433.92,22340.94
2024-03-10 04:00:00,-24369.94,73255.15,-20245.11,22213.29,1161347,25074.45,12713.35,26505.02,22213.29
2024-03-10 05:00:00,23775.84,37103.42,940.32,22117.62,677667,20053.79,20984.3,19021.87,22117.62
2024-03-10 06:00:00,44146.15,48205.38,-18964.59,22034.06,1392488,17091.62,23855.25,14620.39,22034.06
2024-03-10 07:00:00,-38728.5,29205.98,-32273.71,21934.11,1159581,6288.79,-4965.53,-1533.87,21934.11
2024-03-10 08:00:00,-81060.15,107138.21,-38502.07,21931.41,661560,30189.19,2376.85,34318.07,21931.41
2024-03-10 09:00:00,-36476.12,64026.06,-33984.78,21947.09,956553,17329.46,3878.06,15020.64,21947.09
2024-03-10 10:00:00,81147.72,334494.75,20175.4,21956.34,1172476,125542.16,114443.55,177335.07,21956.34
2024-03-10 11:00:00,13156.06,84684.8,-2228.18,22008.14,1118209,34821.59,29405.2,41228.31,22008.14
2024-03-10 12:00:00,37971.94,68072.65,19300.86,22023.09,482185,36465.53,36842.14,43686.75,22023.09
2024-03-10 13:00:00,-43837.47,33597.96,73778.47,22026.62,1127159,43134.35,21391.39,53688.21,22026.62
2024-03-10 14:00:00,13531.13,72626.9,4622.19,21967.86,1450074,33072.32,28187.02,38624.55,21967.86
2024-03-10 15:00:00,38656.27,81930.99,304.2,21872.55,985925,34702.58,35691.0,41117.59,21872.55
2024-03-10 16:00:00,4595.25,86735.16,1846.33,21769.72,859365,36783.74,28736.62,44290.75,21769.72
2024-03-10 17:00:00,-43848.53,22251.42,24925.05,21609.69,829520,22928.72,6234.41,23588.24,21609.69
2024-03-10 18:00:00,5260.74,119134.78,-3639.99,21422.37,726952,45639.05,35544.47,57747.39,21422.37
2024-03-10 19:00:00,54602.05,181423.93,-32290.91,21231.45,983524,56788.16,56241.63,74566.51,21231.45
2024-03-10 20:00:00,29972.01,52219.22,-4098.59,21017.42,1324275,23046.02,24777.52,24060.32,21017.42
2024-03-10 21:00:00,33199.32,149001.54,-26561.7,20769.49,1344817,47736.44,44102.16,61219.92,20769.49
2024-03-10 22:00:00,58799.25,199678.48,9397.13,20542.15,810594,76539.25,72104.25,104537.81,20542.15
2024-03-10 23:00:00,44170.44,81712.51,-2418.01,20319.24,808042,33204.58,35946.04,39647.25,20319.24
2024-03-11 00:00:00,8229.03,32053.43,-9838.46,20135.05,1055730,14116.68,12644.76,11107.49,20135.05
2024-03-11 01:00:00,24092.68,84091.36,-4456.22,19996.22,1116812,33210.45,30931.01,39817.57,19996.22
2024-03-11 02:00:00,32168.41,36991.79,-33668.3,19905.75,1251049,7743.08,13849.41,1661.75,19905.75
2024-03-11 03:00:00,-26330.02,47213.46,8320.85,19870.6,1244102,25134.97,12268.72,27767.16,19870.6
2024-03-11 04:00:00,84976.86,106591.21,-11212.87,19868.3,826798,38415.55,50055.88,47689.17,19868.3
2024-03-11 05:00:00,-78895.85,48622.98,269301.18,19907.37,490223,112610.51,64733.92,158962.08,19907.37
2024-03-11 06:00:00,5128.79,32854.69,1942.89,19982.26,429192,18259.95,14977.16,17398.79,19982.26
2024-03-11 07:00:00,28312.65,34238.78,9390.83,20121.01,1425871,21250.21,23015.82,21814.81,20121.01
2024-03-11 08:00:00,-33055.69,34090.38,-25709.2,20315.56,888156,9565.58,-1089.74,4190.59,20315.56
2024-03-11 09:00:00,-11759.95,59709.95,-8907.93,20477.93,845574,23759.98,14880.0,25401.01,20477.93
2024-03-11 10:00:00,47621.64,133400.41,10279.91,20668.13,1192202,54782.82,52992.52,71840.16,20668.13
2024-03-11 11:00:00,41082.37,96649.37,6042.38,20864.95,593620,41185.56,41159.76,51345.87,20864.95
2024-03-11 12:00:00,-2224.34,40008.3,-747.26,21011.04,1052395,20090.7,14511.94,19630.52,21011.04
2024-03-11 13:00:00,20024.16,52191.87,-33187.33,21138.62,1041402,13381.05,15041.83,9502.27,21138.62
2024-03-11 14:00:00,-33051.25,71949.76,34307.58,21219.21,777671,42492.18,23606.33,53128.67,21219.21
2024-03-11 15:00:00,-77501.22,79383.45,102729.15,21290.76,1245547,67801.12,31475.54,91056.3,21290.76
2024-03-11 16:00:00,64956.25,246951.95,-16415.74,21347.98,1005113,83961.4,79210.11,115268.11,21347.98
2024-03-11 17:00:00,5048.75,21700.56,-1830.9,21384.9,1318363,13751.52,11575.83,9934.83,21384.9
2024-03-11 18:00:00,57108.16,123005.72,19547.84,21413.03,867454,54655.53,55268.69,71276.78,21413.03
2024-03-11 19:00:00,11829.89,52829.8,11067.98,21438.33,929390,28445.37,24291.5,31948.89,21438.33
2024-03-11 20:00:00,-121466.87,30454.18,-58868.83,21508.19,956651,-2302.15,-32093.33,-14207.32,21508.19
2024-03-11 21:00:00,-1120.88,27267.67,362.47,21619.14,1353327,16416.43,12032.1,13815.07,21619.14
2024-03-11 22:00:00,65976.47,158904.81,-49085.93,21745.31,1326007,43854.73,49385.16,54909.44,21745.31
2024-03-11 23:00:00,41871.8,63051.82,-38660.44,21904.38,827544,15431.92,22041.89,12195.69,21904.38
2024-03-12 00:00:00,50844.51,119218.15,-23062.94,22064.93,642118,39406.71,42266.16,48077.6,22064.93
2024-03-12 01:00:00,30546.11,76767.37,-28102.25,22282.49,869988,23649.2,25373.43,24332.56,22282.49
2024-03-12 02:00:00,69286.4,91212.27,-10612.08,22532.0,1302669,34377.4,43104.65,40300.1,22532.0
2024-03-12 03:00:00,-39805.4,89164.85,-27390.07,22810.05,876676,28194.95,11194.86,30887.39,22810.05
2024-03-12 04:00:00,51494.87,101554.48,-5866.86,23119.2,1090458,39602.27,42575.42,47843.81,23119.2
2024-03-12 05:00:00,-45717.71,32996.43,7463.12,23410.73,1301674,21290.1,4538.14,20229.78,23410.73
2024-03-12 06:00:00,129172.5,361344.8,-20403.89,23702.88,1601754,121547.93,123454.07,170470.45,23702.88
2024-03-12 07:00:00,71401.22,277371.59,16749.6,23933.18,986629,106018.13,97363.9,147060.6,23933.18
2024-03-12 08:00:00,49271.58,161397.8,-15571.62,24175.45,986112,56667.21,54818.3,72913.09,24175.45
2024-03-12 09:00:00,27270.73,105465.22,-44394.63,24351.27,1313702,28473.95,28173.15,30535.29,24351.27
2024-03-12 10:00:00,3289.59,45655.29,-6728.32,24463.54,881326,21130.17,16670.02,19463.48,24463.54
2024-03-12 11:00:00,-8345.84,134918.33,-1247.11,24490.48,1159127,52720.57,37453.97,66835.61,24490.48
2024-03-12 12:00:00,21416.44,37981.83,-16188.43,24508.71,784859,15434.04,16929.64,10896.7,24508.71
2024-03-12 13:00:00,-15618.19,88506.53,-13973.57,24478.71,864912,33003.89,20848.37,37266.48,24478.71
2024-03-12 14:00:00,78774.15,201266.46,10780.84,24401.88,1321172,78816.39,78805.83,106023.65,24401.88
2024-03-12 15:00:00,-9377.19,52140.38,2018.56,24279.96,1405916,26146.3,17265.43,27079.47,24279.96
2024-03-12 16:00:00,-17660.96,30023.88,-13310.56,24167.9,506871,13627.07,5805.07,8356.66,24167.9
2024-03-12 17:00:00,-54935.95,64444.21,98563.1,24051.0,976377,62352.77,33030.59,81503.66,24051.0
2024-03-12 18:00:00,-2006.11,56800.71,3309.55,23927.74,607623,28012.67,20507.97,30055.13,23927.74
2024-03-12 19:00:00,-18702.75,68033.48,19094.3,23797.41,1075517,36975.06,23055.61,43563.89,23797.41
2024-03-12 20:00:00,21849.02,73916.59,-40780.03,23689.15,737930,18941.91,19668.68,16568.28,23689.15
2024-03-12 21:00:00,36018.32,170556.76,-5941.92,23616.61,1235197,62743.82,56062.44,82307.42,23616.61
2024-03-12 22:00:00,46013.53,68480.38,15755.33,23550.17,1468568,35928.63,38449.85,42117.86,23550.17
2024-03-12 23:00:00,6491.88,76362.43,2273.0,23516.86,1425525,34050.76,27161.04,39317.72,23516.86
2024-03-13 00:00:00,-8692.23,57987.22,13370.54,23510.29,1190095,31622.68,21543.95,35678.88,23510.29
2024-03-13 01:00:00,74150.46,202386.17,-17511.18,23496.17,676445,69457.06,70630.41,92437.5,23496.17
2024-03-13 02:00:00,12536.26,69814.82,-11956.09,23442.09,688660,27100.27,23459.27,28929.37,23442.09
2024-03-13 03:00:00,77277.09,322033.31,17071.9,23428.72,946079,120844.64,109952.75,169552.6,23428.72
2024-03-13 04:00:00,3039.9,23816.86,434.96,23362.6,867198,15871.47,12663.58,12125.91,23362.6
2024-03-13 05:00:00,-12737.78,126052.02,27881.3,23310.5,1177654,59081.27,41126.51,76966.66,23310.5
2024-03-13 06:00:00,64310.79,240102.8,-8102.51,23236.42,925014,85078.9,79886.87,116000.15,23236.42
2024-03-13 07:00:00,-798.37,68324.37,24.72,23118.71,703927,30489.27,22667.36,34174.55,23118.71
2024-03-13 08:00:00,-10692.45,25190.33,3436.96,22927.51,976620,17184.93,10215.59,14313.65,22927.51
2024-03-13 09:00:00,90510.44,432149.11,-22919.93,22726.74,884794,143985.3,130616.59,204614.59,22726.74
2024-03-13 10:00:00,-3770.57,24326.19,-3617.09,22480.08,848658,14396.4,9854.65,10354.55,22480.08
2024-03-13 11:00:00,-67628.57,31134.69,109789.02,22230.51,1199438,54384.74,23881.41,70461.85,22230.51
2024-03-13 12:00:00,5315.52,39020.57,-9327.95,21943.28,1109628,17211.97,14237.86,14846.31,21943.28
2024-03-13 13:00:00,23937.16,58505.48,-5332.73,21650.42,817481,24941.05,24690.08,26586.37,21650.42
2024-03-13 14:00:00,-22131.31,55025.36,-11854.83,21393.08,1141760,21521.21,10608.08,21585.27,21393.08
2024-03-13 15:00:00,49439.76,90093.39,-42469.33,21147.43,1062640,22923.83,29552.81,23812.03,21147.43
2024-03-13 16:00:00,-39318.08,73925.29,-27711.31,20964.25,946657,22392.74,6965.04,23106.99,20964.25
2024-03-13 17:00:00,-7984.31,30954.06,-2423.62,20795.76,1344661,16442.06,10335.47,14265.22,20795.76
2024-03-13 18:00:00,55847.54,224879.83,-12502.88,20693.16,460001,77690.04,72229.41,106188.47,20693.16
2024-03-13 19:00:00,-4015.05,63233.18,2736.31,20654.33,1378818,28874.6,20652.19,32984.74,20654.33
2024-03-13 20:00:00,58223.52,71556.64,-2299.05,20690.49,725469,29982.69,37042.9,34628.79,20690.49
2024-03-13 21:00:00,3497.96,22419.3,-6214.71,20766.01,1404734,12323.53,10117.14,8102.3,20766.01
2024-03-13 22:00:00,-2726.67,109958.65,-1365.19,20884.23,1246011,43159.23,31687.76,54296.73,20884.23
2024-03-13 23:00:00,-51370.74,87746.82,35605.96,20976.02,1288881,48109.6,23239.52,61676.39,20976.02
2024-03-14 00:00:00,92931.54,232025.81,7458.77,21081.96,1146086,86855.51,88374.52,119742.29,21081.96
2024-03-14 01:00:00,-840.87,104237.61,120.78,21203.87,1216153,41854.09,31180.35,52179.19,21203.87
2024-03-14 02:00:00,-23593.95,42659.47,7894.63,21275.1,1264651,23943.06,12058.81,25277.05,21275.1
2024-03-14 03:00:00,31897.81,60845.7,-1552.63,21377.52,1148663,26890.2,28142.1,29646.54,21377.52
2024-03-14 04:00:00,35299.24,84908.59,-15539.25,21401.67,631795,30257.0,31517.56,34684.67,21401.67
2024-03-14 05:00:00,52884.79,127062.73,19375.46,21426.17,1278131,55954.79,55187.29,73219.1,21426.17
2024-03-14 06:00:00,18812.35,63430.98,-23100.59,21383.19,1185040,20571.2,20131.48,20165.2,21383.19
2024-03-14 07:00:00,97581.58,203461.01,-43760.52,21317.33,1190941,60339.27,69649.85,79850.24,21317.33
2024-03-14 08:00:00,-6396.52,29337.83,10302.81,21233.44,808998,20291.36,13619.39,19820.32,21233.44
2024-03-14 09:00:00,49820.67,99640.22,-31247.35,21141.83,710373,29844.9,34838.84,34196.43,21141.83
2024-03-14 10:00:00,27510.58,48189.83,7167.1,21068.22,742149,25475.05,25983.93,27678.47,21068.22
2024-03-14 11:00:00,35360.5,97525.62,-15674.02,20978.39,1184678,34276.67,34547.62,40925.8,20978.39
2024-03-14 12:00:00,30773.9,31367.93,-63600.65,20906.31,883162,-3775.47,4861.87,-16116.36,20906.31
2024-03-14 13:00:00,-53000.04,46617.78,-33023.02,20898.13,1249312,11497.63,-4626.78,6797.38,20898.13
2024-03-14 14:00:00,54893.19,122497.77,-18816.22,20905.94,882224,41529.16,44870.17,51840.77,20905.94
2024-03-14 15:00:00,22620.49,71731.92,-11352.19,20968.83,1133109,27116.19,25992.26,30189.87,20968.83
2024-03-14 16:00:00,65143.42,73299.06,-8326.11,21020.77,648585,28664.57,37784.28,32486.47,21020.77
2024-03-14 17:00:00,39521.37,128915.28,10261.15,21134.35,575050,53436.93,49958.04,69588.21,21134.35
2024-03-14 18:00:00,-64839.04,103435.34,1344.12,21269.05,620316,42016.17,15302.37,52389.73,21269.05
2024-03-14 19:00:00,13730.75,93479.54,-39632.51,21415.11,1317382,25087.38,22248.22,26923.51,21415.11
2024-03-14 20:00:00,43780.52,144682.3,-12566.24,21558.8,933199,51224.95,49363.85,66058.03,21558.8
2024-03-14 21:00:00,297.41,46061.52,-274.76,21724.56,1068600,22503.77,16952.18,22893.38,21724.56
2024-03-14 22:00:00,38225.81,50396.2,8814.69,21863.15,666361,27024.68,29824.96,29605.45,21863.15
2024-03-14 23:00:00,-23628.48,51230.1,14191.69,21978.87,843547,29133.55,15943.04,32710.89,21978.87
2024-03-15 00:00:00,-15935.58,107630.37,62089.33,22055.88,848699,63925.19,43960.0,84859.85,22055.88
2024-03-15 01:00:00,51492.96,218427.85,-49146.48,22061.67,871268,63781.02,60709.0,84640.69,22061.67
2024-03-15 02:00:00,-15753.02,76826.73,3789.14,22027.79,905326,34214.55,21722.66,40307.93,22027.79
2024-03-15 03:00:00,49454.09,236187.49,-26931.48,21963.73,1368468,77073.25,70168.46,104628.0,21963.73
2024-03-15 04:00:00,34431.37,68446.95,16394.42,21882.72,1348920,35574.7,35288.86,42420.68,21882.72
2024-03-15 05:00:00,39056.49,88957.57,-24162.94,21761.6,1190232,28852.08,31403.18,32397.32,21761.6
2024-03-15 06:00:00,-17289.15,27450.14,5912.69,21659.81,1191824,18340.88,9433.37,16681.42,21659.81
2024-03-15 07:00:00,-8320.62,51340.52,11775.29,21492.28,973245,28202.7,19071.87,31557.91,21492.28
2024-03-15 08:00:00,11951.77,26616.34,3579.63,21352.74,777115,17182.91,15875.12,15097.99,21352.74
2024-03-15 09:00:00,3355.08,87497.27,-3022.49,21226.65,800659,35233.81,27264.13,42237.39,21226.65
2024-03-15 10:00:00,22145.29,40787.76,-5993.37,21134.5,684219,18642.96,19518.55,17397.2,21134.5
2024-03-15 11:00:00,20447.61,22376.42,-5488.46,21062.77,1443143,12650.24,14599.58,8443.98,21062.77
2024-03-15 12:00:00,63441.63,145560.47,-16067.9,21054.88,1057403,50182.48,53497.27,64746.28,21054.88
2024-03-15 13:00:00,-36774.06,44748.12,31655.43,21074.01,898924,32492.52,15175.87,38201.78,21074.01
2024-03-15 14:00:00,-1927.16,25672.35,2364.95,21135.5,1091661,16390.93,11811.41,14018.65,21135.5
2024-03-15 15:00:00,-33333.22,63495.32,49115.49,21263.38,571067,44624.73,25135.24,56305.41,21263.38
2024-03-15 16:00:00,39395.08,62309.37,-8830.69,21424.28,906098,24967.65,28574.51,26739.34,21424.28
2024-03-15 17:00:00,52665.29,168010.22,-15192.88,21591.9,1148127,58136.41,56768.63,76408.67,21591.9
2024-03-15 18:00:00,9052.14,25465.45,-34624.64,21758.21,1130598,4199.67,5412.79,-4579.59,21758.21
2024-03-15 19:00:00,59696.06,61614.3,18535.17,21888.6,1210022,34012.69,40433.53,40074.74,21888.6
2024-03-15 20:00:00,-22218.91,45215.63,18141.71,22038.98,1026467,28465.44,15794.35,31678.67,22038.98
2024-03-15 21:00:00,27092.4,34526.06,-21715.44,22173.59,793336,11661.4,15519.15,6405.31,22173.59
2024-03-15 22:00:00,1107.25,55924.15,-67.15,22231.71,961562,26029.57,19798.99,27928.5,22231.71
2024-03-15 23:00:00,18414.4,26356.69,-2620.84,22292.24,865334,15342.7,16110.62,11867.93,22292.24
2024-03-16 00:00:00,2331.84,90113.2,-5175.86,22297.59,635580,35744.98,27391.7,42468.67,22297.59
2024-03-16 01:00:00,64792.9,71154.79,-70478.83,22271.42,1547430,7649.12,21935.07,337.98,22271.42
2024-03-16 02:00:00,-33539.49,44124.14,-3115.94,22284.91,517447,21097.7,7438.41,20504.1,22284.91
2024-03-16 03:00:00,10912.6,27494.04,-243.14,22250.69,1051969,16500.53,15103.55,13625.45,22250.69
2024-03-16 04:00:00,24407.98,26341.48,4654.67,22244.01,1233463,17746.72,19412.03,15498.07,22244.01
2024-03-16 05:00:00,4703.77,78800.44,3553.55,22225.36,744281,34859.78,27320.78,41177.0,22225.36
2024-03-16 06:00:00,-16152.81,76252.69,899.35,22202.65,942945,33118.23,20800.47,38576.02,22202.65
2024-03-16 07:00:00,10521.71,22925.64,-13677.19,22218.59,1426562,10489.01,10497.19,4624.23,22218.59
2024-03-16 08:00:00,61141.36,90231.94,-18745.8,22289.44,796981,31258.53,38729.24,35743.07,22289.44
2024-03-16 09:00:00,29176.38,43658.94,8742.79,22380.75,1249843,24927.49,25989.71,26200.86,22380.75
2024-03-16 10:00:00,47737.11,77040.23,-1483.16,22539.94,1137076,32699.0,36458.53,37778.53,22539.94
2024-03-16 11:00:00,45290.48,165013.58,21340.03,22695.07,974682,69682.89,63584.79,93176.8,22695.07
2024-03-16 12:00:00,29064.07,113985.39,202.73,22893.18,703620,45693.77,41536.34,57094.06,22893.18
2024-03-16 13:00:00,-1134.26,70061.88,714.62,23105.63,775336,31294.04,23186.97,35388.25,23105.63
2024-03-16 14:00:00,30433.2,172052.2,-24125.5,23341.89,762366,57089.53,50425.45,73963.35,23341.89
2024-03-16 15:00:00,98480.44,113778.84,-24062.4,23543.1,916065,37753.18,52935.0,44858.22,23543.1
2024-03-16 16:00:00,7121.01,91151.85,-20753.55,23718.89,1090038,31372.4,25309.55,35199.15,23718.89
2024-03-16 17:00:00,51170.58,189251.0,-6750.4,23887.39,695127,68795.99,64389.64,91250.3,23887.39
2024-03-16 18:00:00,44518.79,210753.77,4899.54,23988.7,1421003,79880.67,71040.2,107826.65,23988.7
2024-03-16 19:00:00,-17392.49,86976.31,1749.52,24076.93,806994,37600.92,23852.57,44362.92,24076.93
2024-03-16 20:00:00,90273.55,291552.37,20537.17,24062.46,769015,112050.66,106606.38,156044.77,24062.46
2024-03-16 21:00:00,-33543.26,43083.32,34966.45,24026.94,890739,34025.57,17133.36,39024.89,24026.94
2024-03-16 22:00:00,56156.21,278712.98,18879.69,23953.03,1357709,107181.9,94425.48,148796.34,23953.03
2024-03-16 23:00:00,-109.96,46851.32,-74.01,23842.25,1380531,23539.85,17627.4,23388.66,23842.25
2024-03-17 00:00:00,-8944.52,106710.99,-3041.89,23703.26,566492,42457.46,29606.96,51834.55,23703.26
2024-03-17 01:00:00,-60064.29,58280.12,100108.52,23539.93,1110074,60642.85,30466.07,79194.32,23539.93
2024-03-17 02:00:00,91386.63,123799.73,-75224.3,23391.5,1321816,23988.98,40838.39,24287.71,23391.5
2024-03-17 03:00:00,68939.61,113327.22,-5251.52,23235.64,1083847,43770.45,50062.74,54037.85,23235.64
2024-03-17 04:00:00,55418.25,253018.21,-18479.58,23094.94,1334465,85877.86,78262.95,117269.32,23094.94
2024-03-17 05:00:00,54104.23,57534.22,4602.38,22957.37,1091569,28364.65,34799.55,31068.3,22957.37
2024-03-17 06:00:00,-60100.43,34571.85,4761.97,22841.88,1177516,20725.23,518.82,19666.91,22841.88
2024-03-17 07:00:00,-46127.42,46629.0,-39269.4,22720.95,1063445,10026.85,-4011.72,3679.8,22720.95
2024-03-17 08:00:00,-6009.46,39358.08,-2971.51,22654.23,1500043,19680.27,13257.83,18193.28,22654.23
2024-03-17 09:00:00,51451.27,85295.54,20830.27,22578.41,926522,42901.41,45038.87,53062.9,22578.41
2024-03-17 10:00:00,4368.6,32475.26,2295.79,22545.11,767236,19105.39,15421.19,17385.53,22545.11
2024-03-17 11:00:00,-3938.33,44623.8,-2370.37,22510.62,872126,21588.01,15206.43,21126.71,22510.62
2024-03-17 12:00:00,35945.24,98797.33,7254.31,22490.67,952265,42847.44,41121.89,53025.82,22490.67
2024-03-17 13:00:00,37588.77,64377.65,15231.26,22430.57,1213820,34013.16,34907.06,39804.45,22430.57
2024-03-17 14:00:00,16158.02,37334.61,12918.69,22344.14,878042,24199.14,22188.86,25126.65,22344.14
2024-03-17 15:00:00,-73278.54,31864.2,102673.06,22210.44,916049,52249.24,20867.29,67268.63,22210.44
2024-03-17 16:00:00,-13041.38,27924.91,-6386.19,22049.24,514783,14529.32,7636.64,10769.36,22049.24
2024-03-17 17:00:00,32677.23,107328.33,5478.81,21859.35,354854,44888.83,41835.93,56403.57,21859.35
2024-03-17 18:00:00,-29734.59,44479.16,7502.11,21613.99,1106792,24531.75,10965.17,25990.63,21613.99
2024-03-17 19:00:00,72191.73,170606.74,-28626.92,21336.43,1313023,54438.75,58876.99,70989.91,21336.43
2024-03-17 20:00:00,8212.48,95447.23,844.66,21035.65,786868,39109.18,31385.01,48145.95,21035.65
2024-03-17 21:00:00,10508.63,23708.8,10388.61,20736.75,1051138,18278.05,16335.7,17048.71,20736.75
2024-03-17 22:00:00,58113.46,110140.61,14216.15,20426.08,1003212,48260.95,50724.08,62178.38,20426.08
2024-03-17 23:00:00,-6001.69,62886.12,-88.37,20155.14,1158020,27650.97,19237.8,31398.88,20155.14
2024-03-18 00:00:00,-11853.25,30693.18,19158.09,19977.31,1363068,23276.2,14493.83,24925.64,19977.31
2024-03-18 01:00:00,-7084.97,20505.69,6468.83,19793.86,1593891,15589.46,9920.85,13487.26,19793.86
2024-03-18 02:00:00,23911.13,56341.44,19526.91,19624.81,766462,31831.05,29851.07,37934.18,19624.81
2024-03-18 03:00:00,76657.93,78242.36,16245.76,19547.94,721082,38012.02,47673.5,47244.06,19547.94
2024-03-18 04:00:00,29493.51,32433.65,-2484.81,19507.63,611258,16485.49,19737.49,14974.42,19507.63
2024-03-18 05:00:00,-29466.16,66701.8,50428.01,19500.73,1015213,45543.51,26791.1,58564.91,19500.73
2024-03-18 06:00:00,33053.67,105526.92,-13347.79,19553.16,1087269,37244.1,36196.49,46089.57,19553.16
2024-03-18 07:00:00,45983.02,225130.82,1512.77,19671.48,1311183,82105.02,73074.52,113321.79,19671.48
2024-03-18 08:00:00,76447.47,190726.67,18545.12,19818.12,1336391,76363.31,76384.35,104635.9,19818.12
2024-03-18 09:00:00,-38580.96,34868.94,-31160.57,19971.91,1045496,7893.43,-3725.17,1854.19,19971.91
2024-03-18 10:00:00,23289.54,73792.88,-62314.98,20108.02,1353510,10528.64,13718.87,5738.95,20108.02
2024-03-18 11:00:00,52594.83,115561.31,-4715.97,20211.91,867404,43685.75,45913.02,55422.67,20211.91
2024-03-18 12:00:00,12062.48,75271.69,-799.94,20308.81,843319,31593.52,26710.76,37235.87,20308.81
2024-03-18 13:00:00,-9047.48,36983.13,-4002.93,20422.16,727892,17800.79,11088.72,16490.1,20422.16
2024-03-18 14:00:00,18023.78,59378.84,1098.03,20518.18,600938,26998.35,24754.71,30238.44,20518.18
2024-03-18 15:00:00,13094.26,58086.7,-7865.23,20593.6,937534,23605.02,20977.33,25110.73,20593.6
2024-03-18 16:00:00,30371.5,96757.74,-8411.49,20625.45,697753,36323.9,34835.8,44173.12,20625.45
2024-03-18 17:00:00,67415.73,91547.46,-14431.64,20654.91,1185164,32590.24,41296.61,38557.91,20654.91
2024-03-18 18:00:00,47762.89,59021.49,-11894.29,20672.84,700438,22600.02,28890.73,23563.6,20672.84
2024-03-18 19:00:00,29077.66,113088.15,9449.79,20662.22,492666,47733.39,43069.45,61268.97,20662.22
2024-03-18 20:00:00,27300.39,105935.9,18678.42,20699.31,1060470,48437.88,43153.51,62307.16,20699.31
2024-03-18 21:00:00,-39884.46,84187.09,-7249.21,20767.33,1118264,32568.4,14455.19,38468.94,20767.33
2024-03-18 22:00:00,49801.72,296416.97,-32451.27,20890.68,1184828,94952.13,83664.53,131982.85,20890.68
2024-03-18 23:00:00,41484.33,100561.31,-51946.43,21010.0,766165,23208.29,27777.3,24307.44,21010.0
2024-03-19 00:00:00,92470.77,287296.84,-16694.56,21195.6,1042038,97265.96,96067.16,135301.14,21195.6
2024-03-19 01:00:00,4526.92,106568.18,-7304.51,21421.39,928934,40228.35,31302.99,49631.83,21421.39
2024-03-19 02:00:00,5060.49,25516.86,-35.01,21671.32,1061456,15717.72,13053.42,12740.92,21671.32
2024-03-19 03:00:00,52890.31,171346.08,5282.39,21963.11,796631,66197.19,62870.47,88314.23,21963.11
2024-03-19 04:00:00,-25588.46,61379.01,-22618.15,22275.25,893750,20345.37,8861.91,19380.43,22275.25
2024-03-19 05:00:00,37413.22,37784.16,-12023.02,22564.98,883579,16108.7,21434.83,12880.57,22564.98
2024-03-19 06:00:00,51804.06,194571.13,-20001.97,22831.09,1760933,65800.08,62301.08,87284.58,22831.09
2024-03-19 07:00:00,-3396.85,29741.6,-726.06,23104.07,1619642,17373.2,12180.69,14507.77,23104.07
2024-03-19 08:00:00,89294.05,286922.31,22907.09,23356.05,1446524,111061.82,105619.88,154914.7,23356.05
2024-03-19 09:00:00,135808.17,642895.73,-21390.06,23527.7,636694,215011.13,195210.39,310752.84,23527.7
2024-03-19 10:00:00,32638.79,115585.17,20559.85,23662.68,653896,53269.23,48111.62,68072.51,23662.68
2024-03-19 11:00:00,-20815.26,106787.62,50297.3,23736.56,534322,60273.83,40001.55,78542.46,23736.56
2024-03-19 12:00:00,-149.77,41396.0,-54.98,23773.29,939060,21704.77,16241.14,20670.51,23773.29
2024-03-19 13:00:00,1327.5,86562.09,1297.4,23729.83,1002891,37196.44,28229.21,43929.74,23729.83
2024-03-19 14:00:00,-21210.35,26692.66,77992.06,23670.08,1053813,42784.94,26786.12,52342.36,23670.08
2024-03-19 15:00:00,-2461.12,116575.37,4603.24,23572.38,885773,48250.33,35572.47,60589.31,23572.38
2024-03-19 16:00:00,-1295.44,30013.36,187.03,23470.93,669548,17890.44,13093.97,15100.2,23470.93
2024-03-19 17:00:00,83599.95,146465.56,1745.34,23344.96,1079313,57185.29,63788.95,74105.45,23344.96
2024-03-19 18:00:00,-16327.52,67959.76,43768.53,23260.73,1176254,44996.34,29665.37,55864.15,23260.73
2024-03-19 19:00:00,-486.9,38497.56,137.08,23118.93,1500184,20584.52,15316.67,19317.32,23118.93
2024-03-19 20:00:00,103624.61,492072.73,-50506.67,23062.63,1339432,154876.23,142063.33,220783.03,23062.63
2024-03-19 21:00:00,46723.39,108455.75,-18961.71,23044.03,879166,37512.69,39815.37,44747.02,23044.03
2024-03-19 22:00:00,-59938.5,27262.61,35572.79,23025.84,1136840,28620.41,6480.68,31417.7,23025.84
2024-03-19 23:00:00,67797.91,74284.13,-43221.51,23062.07,1067771,18041.57,30480.65,15531.31,23062.07
2024-03-20 00:00:00,2528.82,75568.95,512.85,23114.69,1411185,33065.5,25431.33,38040.9,23114.69
2024-03-20 01:00:00,-42625.78,44073.48,23660.26,23182.28,884137,30305.34,12072.56,33866.87,23182.28
2024-03-20 02:00:00,-29137.1,34601.65,9583.24,23256.99,1344323,22480.63,9576.2,22092.45,23256.99
2024-03-20 03:00:00,92761.17,437968.31,-20244.99,23283.47,794762,147002.26,133441.99,208861.66,23283.47
2024-03-20 04:00:00,-79684.25,57923.58,102962.65,23323.27,1114324,61403.16,26131.31,80443.11,23323.27
2024-03-20 05:00:00,-27282.83,56810.77,29260.15,23348.03,1178104,36472.98,20534.03,43035.46,23348.03
2024-03-20 06:00:00,-1401.94,28579.5,2836.0,23322.36,1087276,18245.95,13333.98,15707.75,23322.36
2024-03-20 07:00:00,-18173.44,44159.65,486.59,23249.91,875618,22632.05,12430.68,22323.12,23249.91
2024-03-20 08:00:00,132476.27,250571.97,-17899.8,23172.1,751938,85281.42,97080.14,116336.09,23172.1
2024-03-20 09:00:00,107941.83,339173.89,-20406.98,23021.85,1388991,113929.59,112432.65,159383.45,23021.85
2024-03-20 10:00:00,26673.82,36505.22,3790.82,22881.03,774624,21059.02,22462.72,20148.02,22881.03
2024-03-20 11:00:00,-72828.63,61311.95,249799.92,22676.32,839028,111262.73,65239.89,155555.94,22676.32
2024-03-20 12:00:00,-100229.89,66173.23,152628.92,22471.77,945616,80424.64,35261.01,109401.07,22471.77
2024-03-20 13:00:00,47307.93,254118.05,7883.73,22313.19,1142147,94771.66,82905.73,131000.89,22313.19
2024-03-20 14:00:00,-47915.16,53414.04,-45202.23,22135.25,835906,10115.69,-4392.02,4105.91,22135.25
2024-03-20 15:00:00,11743.5,48755.44,9238.02,21983.1,1314332,26658.85,22930.01,28996.73,21983.1
2024-03-20 16:00:00,-18263.1,43928.69,9037.12,21883.62,899706,24949.81,14146.58,26482.9,21883.62
2024-03-20 17:00:00,51931.38,58504.82,-46410.42,21824.15,910979,11306.18,21462.48,6047.2,21824.15
2024-03-20 18:00:00,-8704.5,90824.99,3064.02,21776.64,1008108,38555.22,26740.29,46944.51,21776.64
2024-03-20 19:00:00,18841.42,109084.56,-63291.62,21804.7,858501,22532.55,21609.77,22896.47,21804.7
2024-03-20 20:00:00,42390.03,108267.22,13495.09,21891.67,982834,47884.66,46511.0,60881.16,21891.67
2024-03-20 21:00:00,11431.93,91715.73,-38582.98,21959.82,1269051,25030.86,21631.12,26566.38,21959.82
2024-03-20 22:00:00,-41102.17,56559.84,-3628.51,22057.97,1202412,24996.44,8471.79,26465.67,22057.97
2024-03-20 23:00:00,-37453.96,39004.85,41570.71,22177.7,1386084,34251.09,16324.82,40287.78,22177.7
2024-03-21 00:00:00,-77027.15,43277.74,14500.02,22292.24,1300598,26690.0,760.71,28888.88,22292.24
2024-03-21 01:00:00,-16760.46,78014.19,54819.98,22394.48,1294638,51742.88,34617.05,66417.08,22394.48
2024-03-21 02:00:00,9785.56,100739.75,5454.3,22503.77,709469,42899.27,34620.84,53097.02,22503.77
2024-03-21 03:00:00,19577.98,28416.17,-27703.57,22560.33,997944,7757.64,10712.73,356.3,22560.33
2024-03-21 04:00:00,19637.08,79569.46,-14217.05,22588.04,702208,29313.48,26894.38,32676.2,22588.04
2024-03-21 05:00:00,51086.68,173315.03,7228.41,22610.35,1030143,67717.93,63560.12,90271.72,22610.35
2024-03-21 06:00:00,-7836.6,48631.58,-5449.8,22575.35,1225300,21919.04,14480.13,21590.89,22575.35
2024-03-21 07:00:00,-18153.11,53108.91,7316.3,22503.3,1408381,27642.84,16193.85,30212.6,22503.3
2024-03-21 08:00:00,39167.79,120219.65,-41204.82,22367.28,242386,33794.04,35137.48,39507.42,22367.28
2024-03-21 09:00:00,72680.52,162899.37,-81263.82,22239.44,644901,34625.0,44138.88,40817.78,22239.44
2024-03-21 10:00:00,104292.16,231672.0,21953.55,22083.05,995733,91902.86,95000.19,126812.77,22083.05
2024-03-21 11:00:00,70368.24,123116.84,3648.31,21938.22,877953,49567.79,54767.9,63382.58,21938.22
2024-03-21 12:00:00,41809.43,50072.23,13104.68,21835.46,928211,28337.46,31705.45,31588.46,21835.46
2024-03-21 13:00:00,56745.13,118710.17,20276.69,21759.51,830225,53582.13,54372.88,69493.43,21759.51
2024-03-21 14:00:00,25930.4,44849.52,21540.34,21743.32,979472,29377.73,28515.9,33194.93,21743.32
2024-03-21 15:00:00,14906.57,44469.75,4800.73,21720.62,781916,23663.7,21474.42,24635.24,21720.62
2024-03-21 16:00:00,46347.52,67165.99,14970.18,21739.37,1076773,34625.18,37555.77,41068.09,21739.37
2024-03-21 17:00:00,-50388.11,51350.07,65456.66,21751.44,897304,46186.06,22042.52,58403.36,21751.44
2024-03-21 18:00:00,-27501.92,27371.55,36183.69,21848.89,1203395,28468.04,14475.55,31777.62,21848.89
2024-03-21 19:00:00,81318.54,354559.89,-15336.54,21915.26,705358,120379.54,110614.29,169611.68,21915.26
2024-03-21 20:00:00,50835.65,227360.18,-7294.68,21995.27,734082,80686.92,73224.1,110032.75,21995.27
2024-03-21 21:00:00,54625.47,169909.21,76.84,22065.97,528686,64017.34,61669.37,84993.03,22065.97
2024-03-21 22:00:00,7447.24,57631.18,-1684.41,22127.59,934498,26024.79,21380.4,27973.38,22127.59
2024-03-21 23:00:00,-13740.87,40358.43,-9384.35,22100.47,875567,17691.52,9833.42,15487.04,22100.47
2024-03-22 00:00:00,-36558.97,68526.6,35054.68,22088.42,1017473,41889.9,22277.68,51790.64,22088.42
2024-03-22 01:00:00,47368.7,82763.42,-3818.18,22012.8,867152,33652.68,37081.68,39472.62,22012.8
2024-03-22 02:00:00,78096.69,308517.98,-22738.67,21889.2,987472,102556.17,96441.3,142889.65,21889.2
2024-03-22 03:00:00,-83949.37,34217.67,5058.14,21756.84,945354,20344.22,-5729.18,19637.9,21756.84
2024-03-22 04:00:00,-64539.5,41371.87,67175.78,21586.65,1096237,43378.1,16398.7,54273.83,21586.65
2024-03-22 05:00:00,-9317.58,21523.08,16504.09,21403.85,1478428,19810.34,12528.36,19013.59,21403.85
2024-03-22 06:00:00,-5126.91,62919.84,1221.28,21203.11,1035474,28448.08,20054.33,32070.56,21203.11
2024-03-22 07:00:00,-4286.3,74719.69,-1689.96,20981.68,797837,31337.14,22431.28,36514.87,20981.68
2024-03-22 08:00:00,31777.66,142059.43,6805.79,20774.02,1647904,56546.41,50354.22,74432.61,20774.02
2024-03-22 09:00:00,80889.46,227551.86,6416.86,20653.25,1740030,84873.99,83877.86,116984.36,20653.25
2024-03-22 10:00:00,338.32,48478.35,328.63,20490.11,975992,23099.03,17408.85,24403.49,20490.11
2024-03-22 11:00:00,-52174.27,149239.15,55097.91,20378.1,1133617,74905.05,43135.22,102168.53,20378.1
2024-03-22 12:00:00,71652.73,208987.53,4956.86,20311.12,1164569,78085.17,76477.06,106972.19,20311.12
2024-03-22 13:00:00,-79370.83,37817.62,-22403.48,20348.72,1515086,11920.95,-10901.99,7707.07,20348.72
2024-03-22 14:00:00,58497.21,77866.3,16852.21,20402.85,1500430,38373.79,43404.64,47359.26,20402.85
2024-03-22 15:00:00,37461.36,149646.2,10207.36,20534.16,994984,60129.24,54462.27,79926.78,20534.16
2024-03-22 16:00:00,8589.18,36020.9,2096.76,20693.22,1088206,19603.63,16850.02,19058.83,20693.22
2024-03-22 17:00:00,7684.11,28169.98,2235.26,20872.49,1124517,17092.58,14740.46,15202.62,20872.49
2024-03-22 18:00:00,75503.47,170146.24,-6123.48,21081.47,501048,61701.41,65151.92,82011.38,21081.47
2024-03-22 19:00:00,-3579.73,76539.35,-1512.17,21271.62,508141,32099.6,23179.77,37513.59,21271.62
2024-03-22 20:00:00,68354.03,95369.41,-10965.85,21429.95,992638,35277.84,43546.89,42201.78,21429.95
2024-03-22 21:00:00,28169.25,72173.2,21039.78,21569.07,1033926,38260.68,35737.82,46606.49,21569.07
2024-03-22 22:00:00,3679.06,58739.65,-12438.27,21670.96,1129205,22657.45,17912.85,23150.69,21670.96
2024-03-22 23:00:00,19891.26,114981.18,-5350.62,21751.84,853258,43794.13,37818.41,54815.28,21751.84
2024-03-23 00:00:00,25730.1,43950.9,15873.67,21822.92,767650,27215.83,26844.4,29912.28,21822.92
2024-03-23 01:00:00,37409.78,105752.1,-1267.13,21855.06,767769,42113.34,40937.45,52242.48,21855.06
2024-03-23 02:00:00,-21705.82,90000.69,19747.45,21922.9,1667432,43890.35,27491.31,54874.07,21922.9
2024-03-23 03:00:00,10406.4,63506.19,9988.04,21936.09,1042187,31810.1,26459.18,36747.11,21936.09
2024-03-23 04:00:00,40316.89,89504.45,-49876.7,21922.86,621328,20516.87,25466.88,19813.88,21922.86
2024-03-23 05:00:00,-26456.57,52826.54,32033.48,21959.69,627281,35606.57,20090.79,42430.01,21959.69
2024-03-23 06:00:00,21082.59,22686.94,16128.42,22006.88,555366,20274.08,20476.21,19407.68,22006.88
2024-03-23 07:00:00,6535.22,30795.75,-21162.94,22128.28,1097156,10587.03,9574.08,4816.4,22128.28
2024-03-23 08:00:00,29520.47,45594.08,-92325.79,22243.05,1175359,-8162.89,1257.95,-23365.85,22243.05
2024-03-23 09:00:00,57510.3,186943.79,9814.7,22422.14,1109370,73060.21,69172.73,98379.24,22422.14
2024-03-23 10:00:00,46294.81,66265.66,-408.3,22611.09,819681,29489.48,33690.81,32928.68,22611.09
2024-03-23 11:00:00,7107.16,109379.69,6459.18,22850.46,1008747,46229.78,36449.12,57919.43,22850.46
2024-03-23 12:00:00,101028.21,246519.13,-51369.39,23137.48,1295042,72762.4,79828.86,97574.87,23137.48
2024-03-23 13:00:00,96829.3,100042.53,-12966.62,23406.74,1039987,36827.55,51827.99,43537.96,23406.74
2024-03-23 14:00:00,95928.7,276598.05,11220.5,23704.09,1368379,103840.88,101862.83,143909.27,23704.09
2024-03-23 15:00:00,132519.02,172489.61,-61785.73,23954.83,531856,44886.24,66794.43,55351.94,23954.83
2024-03-23 16:00:00,42784.12,241814.18,-19900.15,24203.1,1024806,82039.04,72225.31,110957.01,24203.1
2024-03-23 17:00:00,4020.15,70242.98,-6708.32,24385.67,1123046,29306.78,22985.12,31767.33,24385.67
2024-03-23 18:00:00,22961.6,72088.45,-14946.41,24558.36,1068538,27233.47,26165.5,28571.02,24558.36
2024-03-23 19:00:00,40781.14,68343.87,-28867.37,24684.25,1331085,21386.91,26235.47,19738.25,24684.25
2024-03-23 20:00:00,88362.14,133765.25,15858.85,24732.05,1205961,58118.71,65679.57,74812.05,24732.05
2024-03-23 21:00:00,43909.28,226267.88,11384.93,24687.18,1161975,87446.67,76562.32,118826.41,24687.18
2024-03-23 22:00:00,36878.12,101922.63,8643.51,24667.79,942131,45077.98,43028.01,55283.07,24667.79
2024-03-23 23:00:00,3292.59,33551.41,-620.12,24597.06,813266,19176.11,15205.23,16465.64,24597.06
2024-03-24 00:00:00,45065.79,131987.43,-1289.09,24513.52,1378923,51737.29,50069.41,65349.17,24513.52
2024-03-24 01:00:00,-36226.92,38864.2,-1175.7,24371.67,1529714,20686.72,6458.31,18844.25,24371.67
2024-03-24 02:00:00,1958.69,103671.03,-3689.65,24222.1,653893,41401.16,31540.54,49990.69,24222.1
2024-03-24 03:00:00,95810.81,137481.38,12113.58,24095.93,551864,57896.96,67375.42,74797.48,24095.93
2024-03-24 04:00:00,-8663.13,50142.31,-8468.52,23965.78,757232,21879.86,14244.11,20836.89,23965.78
2024-03-24 05:00:00,33762.26,62494.43,8215.83,23792.45,1134906,31500.9,32066.24,35355.13,23792.45
2024-03-24 06:00:00,-20985.63,41335.44,-3669.0,23679.75,1563249,20448.73,10090.14,18833.22,23679.75
2024-03-24 07:00:00,-40610.82,51048.25,80560.55,23600.23,1453689,51736.34,28649.55,65804.4,23600.23
2024-03-24 08:00:00,106814.15,315050.61,-564.71,23540.17,682980,112675.36,111210.06,157242.95,23540.17
2024-03-24 09:00:00,7063.05,34610.93,-180.82,23479.91,1085682,19303.34,16243.27,17215.06,23479.91
2024-03-24 10:00:00,85221.45,426770.19,-11200.1,23430.23,1701898,146333.44,131055.44,207785.04,23430.23
2024-03-24 11:00:00,78734.5,174473.01,-34151.98,23381.84,787761,54567.62,60609.34,70160.51,23381.84
2024-03-24 12:00:00,-16771.48,27284.37,11225.09,23337.96,1134585,20615.81,11268.99,19254.73,23337.96
2024-03-24 13:00:00,36270.54,121193.32,-8016.7,23296.09,707923,45490.9,43185.81,56588.31,23296.09
2024-03-24 14:00:00,-81599.99,58580.86,184509.53,23203.7,1668597,88764.7,46173.52,121545.2,23203.7
2024-03-24 15:00:00,43461.4,70690.83,-24579.94,23095.13,1393620,23068.67,28166.86,23055.44,23095.13
2024-03-24 16:00:00,47465.05,95143.42,2675.24,22928.59,1243606,40249.08,42053.07,48909.33,22928.59
2024-03-24 17:00:00,-4839.87,85222.91,-1721.39,22726.53,952827,35409.35,25347.04,41750.76,22726.53
2024-03-24 18:00:00,7082.89,51448.84,1372.44,22486.25,712236,25102.51,20597.6,26410.64,22486.25
2024-03-24 19:00:00,-866.0,37322.83,-604.33,22176.56,1240879,19631.69,14507.26,18359.25,22176.56
2024-03-24 20:00:00,-28304.31,63458.71,63380.92,21876.57,1160047,49572.07,30102.97,63419.81,21876.57
2024-03-24 21:00:00,16057.96,113736.1,-18750.89,21608.07,729633,38864.43,33162.81,47492.61,21608.07
2024-03-24 22:00:00,102016.48,236025.84,-33378.84,21300.55,1158726,74649.18,81491.01,101323.5,21300.55
2024-03-24 23:00:00,22383.05,79773.05,-26910.48,21024.55,1219715,24629.04,24067.54,26431.28,21024.55
2024-03-25 00:00:00,-37166.06,43271.17,133326.19,20803.04,674226,65800.13,40058.58,88298.68,20803.04
2024-03-25 01:00:00,107341.84,130291.68,-12710.79,20624.97,816638,46068.62,61386.92,58790.44,20624.97
2024-03-25 02:00:00,53253.91,192317.26,-9198.1,20440.91,944720,67853.36,64203.5,91559.58,20440.91
2024-03-25 03:00:00,-31610.37,24695.97,37759.01,20334.31,1027114,27596.43,12794.73,31227.49,20334.31
2024-03-25 04:00:00,-31763.88,29630.3,26118.71,20313.77,768294,25354.26,11074.73,27874.51,20313.77
2024-03-25 05:00:00,91285.49,125688.59,-4773.52,20276.76,793204,47063.94,58119.33,60457.54,20276.76
2024-03-25 06:00:00,16286.63,27347.86,10342.84,20299.96,783875,19330.22,18569.32,18845.35,20299.96
2024-03-25 07:00:00,45081.67,88204.72,15259.64,20371.22,766475,41278.53,42229.31,51732.18,20371.22
2024-03-25 08:00:00,33694.44,51207.73,13261.16,20441.61,1275180,28303.5,29651.24,32234.45,20441.61
2024-03-25 09:00:00,46510.38,168904.88,-16368.56,20554.67,1633064,57697.0,54900.34,76268.16,20554.67
2024-03-25 10:00:00,-13438.28,29245.58,30305.82,20659.51,1244763,26736.97,16693.16,29775.7,20659.51
2024-03-25 11:00:00,16649.81,44615.91,6878.95,20783.46,1052540,24092.77,22232.03,25747.43,20783.46
2024-03-25 12:00:00,683.79,58853.88,-861.0,20884.02,1219423,26292.3,19890.17,28996.44,20884.02
2024-03-25 13:00:00,36851.5,76473.56,13354.7,20956.07,687530,36928.11,36908.96,44914.13,20956.07
2024-03-25 14:00:00,74241.37,250600.25,-26429.06,20967.29,947017,81712.83,79844.96,112085.6,20967.29
2024-03-25 15:00:00,-72969.21,77054.81,195134.51,20965.66,1557989,97718.33,55046.44,136094.66,20965.66
2024-03-25 16:00:00,136.31,24671.07,6.6,20936.72,1112603,15204.79,11437.67,12338.83,20936.72
